user_id,start_time,duration
u0,2013-03-27 04:00:00,212
u0,2013-03-27 05:00:00,0
u0,2013-03-27 06:00:00,0
u0,2013-03-27 07:00:00,0
u0,2013-03-27 08:00:00,0
u0,2013-03-27 09:00:00,0
u0,2013-03-27 10:00:00,0
u0,2013-03-27 11:00:00,1982
u0,2013-03-27 12:00:00,80
u0,2013-03-27 13:00:00,141
u0,2013-03-27 14:00:00,3439
u0,2013-03-27 15:00:00,2077
u0,2013-03-27 16:00:00,0
u0,2013-03-27 17:00:00,5829
u0,2013-03-27 18:00:00,0
u0,2013-03-27 19:00:00,1928
u0,2013-03-27 20:00:00,3451
u0,2013-03-27 21:00:00,2480
u0,2013-03-27 22:00:00,1080
u0,2013-03-27 23:00:00,272
u0,2013-03-28 00:00:00,737
u0,2013-03-28 01:00:00,1553
u0,2013-03-28 02:00:00,202
u0,2013-03-28 03:00:00,0
u0,2013-03-28 04:00:00,0
u0,2013-03-28 05:00:00,0
u0,2013-03-28 06:00:00,0
u0,2013-03-28 07:00:00,0
u0,2013-03-28 08:00:00,0
u0,2013-03-28 09:00:00,0
u0,2013-03-28 10:00:00,0
u0,2013-03-28 11:00:00,1330
u0,2013-03-28 12:00:00,191
u0,2013-03-28 13:00:00,0
u0,2013-03-28 14:00:00,0
u0,2013-03-28 15:00:00,4123
u0,2013-03-28 16:00:00,0
u0,2013-03-28 17:00:00,2480
u0,2013-03-28 18:00:00,524
u0,2013-03-28 19:00:00,2007
u0,2013-03-28 20:00:00,4165
u0,2013-03-28 21:00:00,2673
u0,2013-03-28 22:00:00,917
u0,2013-03-28 23:00:00,0
u0,2013-03-29 00:00:00,958
u0,2013-03-29 01:00:00,1573
u0,2013-03-29 02:00:00,1735
u0,2013-03-29 03:00:00,416
u0,2013-03-29 04:00:00,1775
u0,2013-03-29 05:00:00,0
u0,2013-03-29 06:00:00,0
u0,2013-03-29 07:00:00,0
u0,2013-03-29 08:00:00,0
u0,2013-03-29 09:00:00,0
u0,2013-03-29 10:00:00,0
u0,2013-03-29 11:00:00,1337
u0,2013-03-29 12:00:00,71
u0,2013-03-29 13:00:00,0
u0,2013-03-29 14:00:00,4640
u0,2013-03-29 15:00:00,3396
u0,2013-03-29 16:00:00,302
u0,2013-03-29 17:00:00,4740
u0,2013-03-29 18:00:00,0
u0,2013-03-29 19:00:00,1856
u0,2013-03-29 20:00:00,412
u0,2013-03-29 21:00:00,71
u0,2013-03-29 22:00:00,5052
u0,2013-03-29 23:00:00,413
u0,2013-03-30 00:00:00,1531
u0,2013-03-30 01:00:00,1907
u0,2013-03-30 02:00:00,2603
u0,2013-03-30 03:00:00,787
u0,2013-03-30 04:00:00,0
u0,2013-03-30 05:00:00,0
u0,2013-03-30 06:00:00,0
u0,2013-03-30 07:00:00,0
u0,2013-03-30 08:00:00,0
u0,2013-03-30 09:00:00,0
u0,2013-03-30 10:00:00,0
u0,2013-03-30 11:00:00,0
u0,2013-03-30 12:00:00,0
u0,2013-03-30 13:00:00,0
u0,2013-03-30 14:00:00,0
u0,2013-03-30 15:00:00,0
u0,2013-03-30 16:00:00,0
u0,2013-03-30 17:00:00,2458
u0,2013-03-30 18:00:00,4597
u0,2013-03-30 19:00:00,1047
u0,2013-03-30 20:00:00,3016
u0,2013-03-30 21:00:00,2258
u0,2013-03-30 22:00:00,3479
u0,2013-03-30 23:00:00,7999
u0,2013-03-31 00:00:00,0
u0,2013-03-31 01:00:00,2523
u0,2013-03-31 02:00:00,9127
u0,2013-03-31 03:00:00,0
u0,2013-03-31 04:00:00,323
u0,2013-03-31 05:00:00,757
u0,2013-03-31 06:00:00,0
u0,2013-03-31 07:00:00,0
u0,2013-03-31 08:00:00,0
u0,2013-03-31 09:00:00,0
u0,2013-03-31 10:00:00,0
u0,2013-03-31 11:00:00,0
u0,2013-03-31 12:00:00,0
u0,2013-03-31 13:00:00,0
u0,2013-03-31 14:00:00,0
u0,2013-03-31 15:00:00,766
u0,2013-03-31 16:00:00,3279
u0,2013-03-31 17:00:00,4070
u0,2013-03-31 18:00:00,6518
u0,2013-03-31 19:00:00,0
u0,2013-03-31 20:00:00,2851
u0,2013-03-31 21:00:00,4247
u0,2013-03-31 22:00:00,1190
u0,2013-03-31 23:00:00,210
u0,2013-04-01 00:00:00,0
u0,2013-04-01 01:00:00,161
u0,2013-04-01 02:00:00,0
u0,2013-04-01 03:00:00,567
u0,2013-04-01 04:00:00,313
u0,2013-04-01 05:00:00,0
u0,2013-04-01 06:00:00,0
u0,2013-04-01 07:00:00,0
u0,2013-04-01 08:00:00,0
u0,2013-04-01 09:00:00,0
u0,2013-04-01 10:00:00,2374
u0,2013-04-01 11:00:00,2127
u0,2013-04-01 12:00:00,61
u0,2013-04-01 13:00:00,0
u0,2013-04-01 14:00:00,5054
u0,2013-04-01 15:00:00,232
u0,2013-04-01 16:00:00,0
u0,2013-04-01 17:00:00,4709
u0,2013-04-01 18:00:00,0
u0,2013-04-01 19:00:00,2975
u0,2013-04-01 20:00:00,2756
u0,2013-04-01 21:00:00,6707
u0,2013-04-01 22:00:00,0
u0,2013-04-01 23:00:00,1849
u0,2013-04-02 00:00:00,1420
u0,2013-04-02 01:00:00,0
u0,2013-04-02 02:00:00,0
u0,2013-04-02 03:00:00,0
u0,2013-04-02 04:00:00,0
u0,2013-04-02 05:00:00,0
u0,2013-04-02 06:00:00,0
u0,2013-04-02 07:00:00,0
u0,2013-04-02 08:00:00,0
u0,2013-04-02 09:00:00,0
u0,2013-04-02 10:00:00,0
u0,2013-04-02 11:00:00,1917
u0,2013-04-02 12:00:00,3056
u0,2013-04-02 13:00:00,1814
u0,2013-04-02 14:00:00,2915
u0,2013-04-02 15:00:00,8172
u0,2013-04-02 16:00:00,0
u0,2013-04-02 17:00:00,1110
u0,2013-04-02 18:00:00,1520
u0,2013-04-02 19:00:00,1079
u0,2013-04-02 20:00:00,1371
u0,2013-04-02 21:00:00,2371
u0,2013-04-02 22:00:00,121
u0,2013-04-02 23:00:00,273
u0,2013-04-03 00:00:00,564
u0,2013-04-03 01:00:00,363
u0,2013-04-03 02:00:00,0
u0,2013-04-03 03:00:00,0
u0,2013-04-03 04:00:00,0
u0,2013-04-03 05:00:00,0
u0,2013-04-03 06:00:00,0
u0,2013-04-03 07:00:00,999
u0,2013-04-03 08:00:00,0
u0,2013-04-03 09:00:00,0
u0,2013-04-03 10:00:00,2401
u0,2013-04-03 11:00:00,1319
u0,2013-04-03 12:00:00,51
u0,2013-04-03 13:00:00,0
u0,2013-04-03 14:00:00,4478
u0,2013-04-03 15:00:00,3736
u0,2013-04-03 16:00:00,1966
u0,2013-04-03 17:00:00,3157
u0,2013-04-03 18:00:00,2848
u0,2013-04-03 19:00:00,1997
u0,2013-04-03 20:00:00,816
u0,2013-04-03 21:00:00,716
u0,2013-04-03 22:00:00,5245
u0,2013-04-03 23:00:00,949
u0,2013-04-04 00:00:00,160
u0,2013-04-04 01:00:00,0
u0,2013-04-04 02:00:00,0
u0,2013-04-04 03:00:00,0
u0,2013-04-04 04:00:00,0
u0,2013-04-04 05:00:00,0
u0,2013-04-04 06:00:00,0
u0,2013-04-04 07:00:00,0
u0,2013-04-04 08:00:00,0
u0,2013-04-04 09:00:00,0
u0,2013-04-04 10:00:00,0
u0,2013-04-04 11:00:00,1691
u0,2013-04-04 12:00:00,151
u0,2013-04-04 13:00:00,0
u0,2013-04-04 14:00:00,0
u0,2013-04-04 15:00:00,0
u0,2013-04-04 16:00:00,3180
u0,2013-04-04 17:00:00,625
u0,2013-04-04 18:00:00,2613
u0,2013-04-04 19:00:00,1780
u0,2013-04-04 20:00:00,1392
u0,2013-04-04 21:00:00,0
u0,2013-04-04 22:00:00,765
u0,2013-04-04 23:00:00,1010
u0,2013-04-05 00:00:00,1754
u0,2013-04-05 01:00:00,1463
u0,2013-04-05 02:00:00,313
u0,2013-04-05 03:00:00,0
u0,2013-04-05 04:00:00,0
u0,2013-04-05 05:00:00,0
u0,2013-04-05 06:00:00,0
u0,2013-04-05 07:00:00,0
u0,2013-04-05 08:00:00,0
u0,2013-04-05 09:00:00,0
u0,2013-04-05 10:00:00,0
u0,2013-04-05 11:00:00,1720
u0,2013-04-05 12:00:00,0
u0,2013-04-05 13:00:00,3388
u0,2013-04-05 14:00:00,3046
u0,2013-04-05 15:00:00,798
u0,2013-04-05 16:00:00,3369
u0,2013-04-05 17:00:00,5889
u0,2013-04-05 18:00:00,0
u0,2013-04-05 19:00:00,1896
u0,2013-04-05 20:00:00,605
u0,2013-04-05 21:00:00,0
u0,2013-04-05 22:00:00,5152
u0,2013-04-05 23:00:00,5579
u0,2013-04-06 00:00:00,0
u0,2013-04-06 01:00:00,5821
u0,2013-04-06 02:00:00,0
u0,2013-04-06 03:00:00,1785
u0,2013-04-06 04:00:00,0
u0,2013-04-06 05:00:00,0
u0,2013-04-06 06:00:00,0
u0,2013-04-06 07:00:00,0
u0,2013-04-06 08:00:00,0
u0,2013-04-06 09:00:00,0
u0,2013-04-06 10:00:00,444
u0,2013-04-06 11:00:00,61
u0,2013-04-06 12:00:00,847
u0,2013-04-06 13:00:00,323
u0,2013-04-06 14:00:00,1118
u0,2013-04-06 15:00:00,413
u0,2013-04-06 16:00:00,0
u0,2013-04-06 17:00:00,0
u0,2013-04-06 18:00:00,578
u0,2013-04-06 19:00:00,2146
u0,2013-04-06 20:00:00,3852
u0,2013-04-06 21:00:00,2974
u0,2013-04-06 22:00:00,1797
u0,2013-04-06 23:00:00,444
u0,2013-04-07 00:00:00,4800
u0,2013-04-07 01:00:00,1139
u0,2013-04-07 02:00:00,4852
u0,2013-04-07 03:00:00,312
u0,2013-04-07 04:00:00,1383
u0,2013-04-07 05:00:00,0
u0,2013-04-07 06:00:00,0
u0,2013-04-07 07:00:00,0
u0,2013-04-07 08:00:00,0
u0,2013-04-07 09:00:00,0
u0,2013-04-07 10:00:00,0
u0,2013-04-07 11:00:00,0
u0,2013-04-07 12:00:00,0
u0,2013-04-07 13:00:00,0
u0,2013-04-07 14:00:00,3036
u0,2013-04-07 15:00:00,253
u0,2013-04-07 16:00:00,1967
u0,2013-04-07 17:00:00,3640
u0,2013-04-07 18:00:00,1018
u0,2013-04-07 19:00:00,121
u0,2013-04-07 20:00:00,534
u0,2013-04-07 21:00:00,0
u0,2013-04-07 22:00:00,0
u0,2013-04-07 23:00:00,0
u0,2013-04-08 00:00:00,2855
u0,2013-04-08 01:00:00,918
u0,2013-04-08 02:00:00,523
u0,2013-04-08 03:00:00,483
u0,2013-04-08 04:00:00,41
u0,2013-04-08 05:00:00,0
u0,2013-04-08 06:00:00,0
u0,2013-04-08 07:00:00,0
u0,2013-04-08 08:00:00,0
u0,2013-04-08 09:00:00,0
u0,2013-04-08 10:00:00,0
u0,2013-04-08 11:00:00,1057
u0,2013-04-08 12:00:00,1079
u0,2013-04-08 13:00:00,3035
u0,2013-04-08 14:00:00,1180
u0,2013-04-08 15:00:00,1684
u0,2013-04-08 16:00:00,4084
u0,2013-04-08 17:00:00,4507
u0,2013-04-08 18:00:00,0
u0,2013-04-08 19:00:00,424
u0,2013-04-08 20:00:00,5044
u0,2013-04-08 21:00:00,991
u0,2013-04-08 22:00:00,252
u0,2013-04-08 23:00:00,382
u0,2013-04-09 00:00:00,242
u0,2013-04-09 01:00:00,41
u0,2013-04-09 02:00:00,5439
u0,2013-04-09 03:00:00,0
u0,2013-04-09 04:00:00,0
u0,2013-04-09 05:00:00,0
u0,2013-04-09 06:00:00,0
u0,2013-04-09 07:00:00,0
u0,2013-04-09 08:00:00,0
u0,2013-04-09 09:00:00,0
u0,2013-04-09 10:00:00,0
u0,2013-04-09 11:00:00,222
u0,2013-04-09 12:00:00,0
u0,2013-04-09 13:00:00,3322
u0,2013-04-09 14:00:00,3390
u0,2013-04-09 15:00:00,343
u0,2013-04-09 16:00:00,0
u0,2013-04-09 17:00:00,0
u0,2013-04-09 18:00:00,81
u0,2013-04-09 19:00:00,1270
u0,2013-04-09 20:00:00,5215
u0,2013-04-09 21:00:00,91
u0,2013-04-09 22:00:00,1836
u0,2013-04-09 23:00:00,303
u0,2013-04-10 00:00:00,931
u0,2013-04-10 01:00:00,584
u0,2013-04-10 02:00:00,504
u0,2013-04-10 03:00:00,0
u0,2013-04-10 04:00:00,0
u0,2013-04-10 05:00:00,0
u0,2013-04-10 06:00:00,0
u0,2013-04-10 07:00:00,0
u0,2013-04-10 08:00:00,0
u0,2013-04-10 09:00:00,0
u0,2013-04-10 10:00:00,0
u0,2013-04-10 11:00:00,1867
u0,2013-04-10 12:00:00,212
u0,2013-04-10 13:00:00,61
u0,2013-04-10 14:00:00,4742
u0,2013-04-10 15:00:00,4357
u0,2013-04-10 16:00:00,0
u0,2013-04-10 17:00:00,5174
u0,2013-04-10 18:00:00,0
u0,2013-04-10 19:00:00,524
u0,2013-04-10 20:00:00,2053
u0,2013-04-10 21:00:00,0
u0,2013-04-10 22:00:00,1202
u0,2013-04-10 23:00:00,191
u0,2013-04-11 00:00:00,172
u0,2013-04-11 01:00:00,181
u0,2013-04-11 02:00:00,0
u0,2013-04-11 03:00:00,0
u0,2013-04-11 04:00:00,0
u0,2013-04-11 05:00:00,0
u0,2013-04-11 06:00:00,0
u0,2013-04-11 07:00:00,0
u0,2013-04-11 08:00:00,0
u0,2013-04-11 09:00:00,0
u0,2013-04-11 10:00:00,171
u0,2013-04-11 11:00:00,3584
u0,2013-04-11 12:00:00,3722
u0,2013-04-11 13:00:00,423
u0,2013-04-11 14:00:00,798
u0,2013-04-11 15:00:00,71
u0,2013-04-11 16:00:00,3630
u0,2013-04-11 17:00:00,706
u0,2013-04-11 18:00:00,1704
u0,2013-04-11 19:00:00,3059
u0,2013-04-11 20:00:00,5331
u0,2013-04-11 21:00:00,473
u0,2013-04-11 22:00:00,3047
u0,2013-04-11 23:00:00,614
u0,2013-04-12 00:00:00,727
u0,2013-04-12 01:00:00,696
u0,2013-04-12 02:00:00,0
u0,2013-04-12 03:00:00,0
u0,2013-04-12 04:00:00,0
u0,2013-04-12 05:00:00,0
u0,2013-04-12 06:00:00,71
u0,2013-04-12 07:00:00,0
u0,2013-04-12 08:00:00,0
u0,2013-04-12 09:00:00,0
u0,2013-04-12 10:00:00,0
u0,2013-04-12 11:00:00,1054
u0,2013-04-12 12:00:00,343
u0,2013-04-12 13:00:00,1723
u0,2013-04-12 14:00:00,3763
u0,2013-04-12 15:00:00,4366
u0,2013-04-12 16:00:00,0
u0,2013-04-12 17:00:00,2341
u0,2013-04-12 18:00:00,2793
u0,2013-04-12 19:00:00,3532
u0,2013-04-12 20:00:00,2905
u0,2013-04-12 21:00:00,979
u0,2013-04-12 22:00:00,6257
u0,2013-04-12 23:00:00,0
u0,2013-04-13 00:00:00,2013
u0,2013-04-13 01:00:00,2090
u0,2013-04-13 02:00:00,1797
u0,2013-04-13 03:00:00,1128
u0,2013-04-13 04:00:00,502
u0,2013-04-13 05:00:00,0
u0,2013-04-13 06:00:00,0
u0,2013-04-13 07:00:00,0
u0,2013-04-13 08:00:00,0
u0,2013-04-13 09:00:00,0
u0,2013-04-13 10:00:00,0
u0,2013-04-13 11:00:00,0
u0,2013-04-13 12:00:00,0
u0,2013-04-13 13:00:00,0
u0,2013-04-13 14:00:00,110
u0,2013-04-13 15:00:00,1249
u0,2013-04-13 16:00:00,2112
u0,2013-04-13 17:00:00,544
u0,2013-04-13 18:00:00,585
u0,2013-04-13 19:00:00,1159
u0,2013-04-13 20:00:00,4072
u0,2013-04-13 21:00:00,4339
u0,2013-04-13 22:00:00,1281
u0,2013-04-13 23:00:00,302
u0,2013-04-14 00:00:00,3368
u0,2013-04-14 01:00:00,1482
u0,2013-04-14 02:00:00,212
u0,2013-04-14 03:00:00,245
u0,2013-04-14 04:00:00,71
u0,2013-04-14 05:00:00,0
u0,2013-04-14 06:00:00,0
u0,2013-04-14 07:00:00,0
u0,2013-04-14 08:00:00,0
u0,2013-04-14 09:00:00,0
u0,2013-04-14 10:00:00,2493
u0,2013-04-14 11:00:00,333
u0,2013-04-14 12:00:00,0
u0,2013-04-14 13:00:00,523
u0,2013-04-14 14:00:00,495
u0,2013-04-14 15:00:00,680
u0,2013-04-14 16:00:00,1701
u0,2013-04-14 17:00:00,1966
u0,2013-04-14 18:00:00,1099
u0,2013-04-14 19:00:00,273
u0,2013-04-14 20:00:00,755
u0,2013-04-14 21:00:00,0
u0,2013-04-14 22:00:00,0
u0,2013-04-14 23:00:00,0
u0,2013-04-15 00:00:00,0
u0,2013-04-15 01:00:00,282
u0,2013-04-15 02:00:00,515
u0,2013-04-15 03:00:00,494
u0,2013-04-15 04:00:00,0
u0,2013-04-15 05:00:00,71
u0,2013-04-15 06:00:00,0
u0,2013-04-15 07:00:00,0
u0,2013-04-15 08:00:00,0
u0,2013-04-15 09:00:00,0
u0,2013-04-15 10:00:00,2716
u0,2013-04-15 11:00:00,930
u0,2013-04-15 12:00:00,80
u0,2013-04-15 13:00:00,0
u0,2013-04-15 14:00:00,4852
u0,2013-04-15 15:00:00,2380
u0,2013-04-15 16:00:00,4215
u0,2013-04-15 17:00:00,4772
u0,2013-04-15 18:00:00,0
u0,2013-04-15 19:00:00,2925
u0,2013-04-15 20:00:00,2742
u0,2013-04-15 21:00:00,2268
u0,2013-04-15 22:00:00,1268
u0,2013-04-15 23:00:00,484
u0,2013-04-16 00:00:00,910
u0,2013-04-16 01:00:00,434
u0,2013-04-16 02:00:00,637
u0,2013-04-16 03:00:00,0
u0,2013-04-16 04:00:00,293
u0,2013-04-16 05:00:00,0
u0,2013-04-16 06:00:00,0
u0,2013-04-16 07:00:00,51
u0,2013-04-16 08:00:00,0
u0,2013-04-16 09:00:00,0
u0,2013-04-16 10:00:00,2396
u0,2013-04-16 11:00:00,826
u0,2013-04-16 12:00:00,961
u0,2013-04-16 13:00:00,353
u0,2013-04-16 14:00:00,3207
u0,2013-04-16 15:00:00,2573
u0,2013-04-16 16:00:00,201
u0,2013-04-16 17:00:00,191
u0,2013-04-16 18:00:00,121
u0,2013-04-16 19:00:00,1362
u0,2013-04-16 20:00:00,3632
u0,2013-04-16 21:00:00,5707
u0,2013-04-16 22:00:00,0
u0,2013-04-16 23:00:00,0
u0,2013-04-17 00:00:00,2581
u0,2013-04-17 01:00:00,0
u0,2013-04-17 02:00:00,0
u0,2013-04-17 03:00:00,202
u0,2013-04-17 04:00:00,0
u0,2013-04-17 05:00:00,0
u0,2013-04-17 06:00:00,0
u0,2013-04-17 07:00:00,0
u0,2013-04-17 08:00:00,0
u0,2013-04-17 09:00:00,0
u0,2013-04-17 10:00:00,2601
u0,2013-04-17 11:00:00,1572
u0,2013-04-17 12:00:00,302
u0,2013-04-17 13:00:00,0
u0,2013-04-17 14:00:00,3785
u0,2013-04-17 15:00:00,3145
u0,2013-04-17 16:00:00,372
u0,2013-04-17 17:00:00,5598
u0,2013-04-17 18:00:00,0
u0,2013-04-17 19:00:00,4572
u0,2013-04-17 20:00:00,0
u0,2013-04-17 21:00:00,404
u0,2013-04-17 22:00:00,1179
u0,2013-04-17 23:00:00,0
u0,2013-04-18 00:00:00,0
u0,2013-04-18 01:00:00,0
u0,2013-04-18 02:00:00,0
u0,2013-04-18 03:00:00,0
u0,2013-04-18 04:00:00,0
u0,2013-04-18 05:00:00,0
u0,2013-04-18 06:00:00,0
u0,2013-04-18 07:00:00,0
u0,2013-04-18 08:00:00,0
u0,2013-04-18 09:00:00,0
u0,2013-04-18 10:00:00,0
u0,2013-04-18 11:00:00,0
u0,2013-04-18 12:00:00,0
u0,2013-04-18 13:00:00,0
u0,2013-04-18 14:00:00,0
u0,2013-04-18 15:00:00,222
u0,2013-04-18 16:00:00,3036
u0,2013-04-18 17:00:00,585
u0,2013-04-18 18:00:00,0
u0,2013-04-18 19:00:00,252
u0,2013-04-18 20:00:00,3670
u0,2013-04-18 21:00:00,2844
u0,2013-04-18 22:00:00,3289
u0,2013-04-18 23:00:00,3953
u0,2013-04-19 00:00:00,262
u0,2013-04-19 01:00:00,494
u0,2013-04-19 02:00:00,2671
u0,2013-04-19 03:00:00,445
u0,2013-04-19 04:00:00,0
u0,2013-04-19 05:00:00,0
u0,2013-04-19 06:00:00,0
u0,2013-04-19 07:00:00,0
u0,2013-04-19 08:00:00,0
u0,2013-04-19 09:00:00,0
u0,2013-04-19 10:00:00,1573
u0,2013-04-19 11:00:00,1737
u0,2013-04-19 12:00:00,977
u0,2013-04-19 13:00:00,0
u0,2013-04-19 14:00:00,5074
u0,2013-04-19 15:00:00,2618
u0,2013-04-19 16:00:00,272
u0,2013-04-19 17:00:00,4107
u0,2013-04-19 18:00:00,393
u0,2013-04-19 19:00:00,4981
u0,2013-04-19 20:00:00,746
u0,2013-04-19 21:00:00,2331
u0,2013-04-19 22:00:00,4226
u0,2013-04-19 23:00:00,0
u0,2013-04-20 00:00:00,0
u0,2013-04-20 01:00:00,0
u0,2013-04-20 02:00:00,0
u0,2013-04-20 03:00:00,0
u0,2013-04-20 04:00:00,1130
u0,2013-04-20 05:00:00,0
u0,2013-04-20 06:00:00,0
u0,2013-04-20 07:00:00,0
u0,2013-04-20 08:00:00,0
u0,2013-04-20 09:00:00,0
u0,2013-04-20 10:00:00,0
u0,2013-04-20 11:00:00,0
u0,2013-04-20 12:00:00,0
u0,2013-04-20 13:00:00,0
u0,2013-04-20 14:00:00,6818
u0,2013-04-20 15:00:00,0
u0,2013-04-20 16:00:00,5644
u0,2013-04-20 17:00:00,252
u0,2013-04-20 18:00:00,7738
u0,2013-04-20 19:00:00,0
u0,2013-04-20 20:00:00,2780
u0,2013-04-20 21:00:00,2973
u0,2013-04-20 22:00:00,1229
u0,2013-04-20 23:00:00,4195
u0,2013-04-21 00:00:00,2088
u0,2013-04-21 01:00:00,2949
u0,2013-04-21 02:00:00,727
u0,2013-04-21 03:00:00,0
u0,2013-04-21 04:00:00,917
u0,2013-04-21 05:00:00,0
u0,2013-04-21 06:00:00,0
u0,2013-04-21 07:00:00,0
u0,2013-04-21 08:00:00,0
u0,2013-04-21 09:00:00,0
u0,2013-04-21 10:00:00,0
u0,2013-04-21 11:00:00,0
u0,2013-04-21 12:00:00,1017
u0,2013-04-21 13:00:00,3914
u0,2013-04-21 14:00:00,1412
u0,2013-04-21 15:00:00,1462
u0,2013-04-21 16:00:00,977
u0,2013-04-21 17:00:00,71
u0,2013-04-21 18:00:00,272
u0,2013-04-21 19:00:00,333
u0,2013-04-21 20:00:00,394
u0,2013-04-21 21:00:00,433
u0,2013-04-21 22:00:00,968
u0,2013-04-21 23:00:00,281
u0,2013-04-22 00:00:00,2330
u0,2013-04-22 01:00:00,171
u0,2013-04-22 02:00:00,635
u0,2013-04-22 03:00:00,274
u0,2013-04-22 04:00:00,0
u0,2013-04-22 05:00:00,0
u0,2013-04-22 06:00:00,0
u0,2013-04-22 07:00:00,0
u0,2013-04-22 08:00:00,0
u0,2013-04-22 09:00:00,0
u0,2013-04-22 10:00:00,0
u0,2013-04-22 11:00:00,0
u0,2013-04-22 12:00:00,0
u0,2013-04-22 13:00:00,0
u0,2013-04-22 14:00:00,0
u0,2013-04-22 15:00:00,0
u0,2013-04-22 16:00:00,191
u0,2013-04-22 17:00:00,1211
u0,2013-04-22 18:00:00,3420
u0,2013-04-22 19:00:00,1745
u0,2013-04-22 20:00:00,0
u0,2013-04-22 21:00:00,635
u0,2013-04-22 22:00:00,585
u0,2013-04-22 23:00:00,2889
u0,2013-04-23 00:00:00,262
u0,2013-04-23 01:00:00,0
u0,2013-04-23 02:00:00,0
u0,2013-04-23 03:00:00,0
u0,2013-04-23 04:00:00,0
u0,2013-04-23 05:00:00,0
u0,2013-04-23 06:00:00,0
u0,2013-04-23 07:00:00,0
u0,2013-04-23 08:00:00,0
u0,2013-04-23 09:00:00,0
u0,2013-04-23 10:00:00,0
u0,2013-04-23 11:00:00,1670
u0,2013-04-23 12:00:00,141
u0,2013-04-23 13:00:00,3176
u0,2013-04-23 14:00:00,3581
u0,2013-04-23 15:00:00,2651
u0,2013-04-23 16:00:00,0
u0,2013-04-23 17:00:00,4863
u0,2013-04-23 18:00:00,394
u0,2013-04-23 19:00:00,2712
u0,2013-04-23 20:00:00,2804
u0,2013-04-23 21:00:00,4084
u0,2013-04-23 22:00:00,3752
u0,2013-04-23 23:00:00,2077
u0,2013-04-24 00:00:00,3490
u0,2013-04-24 01:00:00,693
u0,2013-04-24 02:00:00,761
u0,2013-04-24 03:00:00,0
u0,2013-04-24 04:00:00,0
u0,2013-04-24 05:00:00,0
u0,2013-04-24 06:00:00,0
u0,2013-04-24 07:00:00,0
u0,2013-04-24 08:00:00,0
u0,2013-04-24 09:00:00,0
u0,2013-04-24 10:00:00,0
u0,2013-04-24 11:00:00,569
u0,2013-04-24 12:00:00,0
u0,2013-04-24 13:00:00,1231
u0,2013-04-24 14:00:00,0
u0,2013-04-24 15:00:00,2237
u0,2013-04-24 16:00:00,2789
u0,2013-04-24 17:00:00,3579
u0,2013-04-24 18:00:00,1866
u0,2013-04-24 19:00:00,2390
u0,2013-04-24 20:00:00,3005
u0,2013-04-24 21:00:00,0
u0,2013-04-24 22:00:00,433
u0,2013-04-24 23:00:00,0
u0,2013-04-25 00:00:00,1592
u0,2013-04-25 01:00:00,363
u0,2013-04-25 02:00:00,0
u0,2013-04-25 03:00:00,61
u0,2013-04-25 04:00:00,0
u0,2013-04-25 05:00:00,0
u0,2013-04-25 06:00:00,0
u0,2013-04-25 07:00:00,0
u0,2013-04-25 08:00:00,0
u0,2013-04-25 09:00:00,0
u0,2013-04-25 10:00:00,1703
u0,2013-04-25 11:00:00,1731
u0,2013-04-25 12:00:00,0
u0,2013-04-25 13:00:00,0
u0,2013-04-25 14:00:00,0
u0,2013-04-25 15:00:00,402
u0,2013-04-25 16:00:00,3226
u0,2013-04-25 17:00:00,7426
u0,2013-04-25 18:00:00,0
u0,2013-04-25 19:00:00,3933
u0,2013-04-25 20:00:00,3761
u0,2013-04-25 21:00:00,160
u0,2013-04-25 22:00:00,3559
u0,2013-04-25 23:00:00,1543
u0,2013-04-26 00:00:00,694
u0,2013-04-26 01:00:00,1150
u0,2013-04-26 02:00:00,71
u0,2013-04-26 03:00:00,0
u0,2013-04-26 04:00:00,0
u0,2013-04-26 05:00:00,0
u0,2013-04-26 06:00:00,0
u0,2013-04-26 07:00:00,515
u0,2013-04-26 08:00:00,0
u0,2013-04-26 09:00:00,0
u0,2013-04-26 10:00:00,3066
u0,2013-04-26 11:00:00,946
u0,2013-04-26 12:00:00,111
u0,2013-04-26 13:00:00,0
u0,2013-04-26 14:00:00,5144
u0,2013-04-26 15:00:00,3561
u0,2013-04-26 16:00:00,0
u0,2013-04-26 17:00:00,5914
u0,2013-04-26 18:00:00,0
u0,2013-04-26 19:00:00,961
u0,2013-04-26 20:00:00,2314
u0,2013-04-26 21:00:00,968
u0,2013-04-26 22:00:00,3165
u0,2013-04-26 23:00:00,2996
u0,2013-04-27 00:00:00,1217
u0,2013-04-27 01:00:00,1607
u0,2013-04-27 02:00:00,656
u0,2013-04-27 03:00:00,0
u0,2013-04-27 04:00:00,0
u0,2013-04-27 05:00:00,0
u0,2013-04-27 06:00:00,0
u0,2013-04-27 07:00:00,0
u0,2013-04-27 08:00:00,0
u0,2013-04-27 09:00:00,0
u0,2013-04-27 10:00:00,1784
u0,2013-04-27 11:00:00,1705
u0,2013-04-27 12:00:00,1391
u0,2013-04-27 13:00:00,929
u0,2013-04-27 14:00:00,630
u0,2013-04-27 15:00:00,2288
u0,2013-04-27 16:00:00,1784
u0,2013-04-27 17:00:00,0
u0,2013-04-27 18:00:00,311
u0,2013-04-27 19:00:00,827
u0,2013-04-27 20:00:00,7778
u0,2013-04-27 21:00:00,0
u0,2013-04-27 22:00:00,4711
u0,2013-04-27 23:00:00,0
u0,2013-04-28 00:00:00,2796
u0,2013-04-28 01:00:00,373
u0,2013-04-28 02:00:00,0
u0,2013-04-28 03:00:00,0
u0,2013-04-28 04:00:00,0
u0,2013-04-28 05:00:00,0
u0,2013-04-28 06:00:00,0
u0,2013-04-28 07:00:00,0
u0,2013-04-28 08:00:00,0
u0,2013-04-28 09:00:00,0
u0,2013-04-28 10:00:00,0
u0,2013-04-28 11:00:00,0
u0,2013-04-28 12:00:00,2178
u0,2013-04-28 13:00:00,0
u0,2013-04-28 14:00:00,0
u0,2013-04-28 15:00:00,3136
u0,2013-04-28 16:00:00,2473
u0,2013-04-28 17:00:00,987
u0,2013-04-28 18:00:00,476
u0,2013-04-28 19:00:00,622
u0,2013-04-28 20:00:00,1335
u0,2013-04-28 21:00:00,1522
u0,2013-04-28 22:00:00,817
u0,2013-04-28 23:00:00,192
u0,2013-04-29 00:00:00,1594
u0,2013-04-29 01:00:00,736
u0,2013-04-29 02:00:00,708
u0,2013-04-29 03:00:00,0
u0,2013-04-29 04:00:00,0
u0,2013-04-29 05:00:00,0
u0,2013-04-29 06:00:00,0
u0,2013-04-29 07:00:00,0
u0,2013-04-29 08:00:00,0
u0,2013-04-29 09:00:00,51
u0,2013-04-29 10:00:00,2733
u0,2013-04-29 11:00:00,1309
u0,2013-04-29 12:00:00,0
u0,2013-04-29 13:00:00,0
u0,2013-04-29 14:00:00,5345
u0,2013-04-29 15:00:00,1736
u0,2013-04-29 16:00:00,3581
u0,2013-04-29 17:00:00,4471
u0,2013-04-29 18:00:00,0
u0,2013-04-29 19:00:00,2401
u0,2013-04-29 20:00:00,1926
u0,2013-04-29 21:00:00,2974
u0,2013-04-29 22:00:00,2500
u0,2013-04-29 23:00:00,1645
u0,2013-04-30 00:00:00,2290
u0,2013-04-30 01:00:00,2168
u0,2013-04-30 02:00:00,597
u0,2013-04-30 03:00:00,121
u0,2013-04-30 04:00:00,0
u0,2013-04-30 05:00:00,0
u0,2013-04-30 06:00:00,0
u0,2013-04-30 07:00:00,0
u0,2013-04-30 08:00:00,0
u0,2013-04-30 09:00:00,0
u0,2013-04-30 10:00:00,131
u0,2013-04-30 11:00:00,758
u0,2013-04-30 12:00:00,3348
u0,2013-04-30 13:00:00,2566
u0,2013-04-30 14:00:00,897
u0,2013-04-30 15:00:00,0
u0,2013-04-30 16:00:00,0
u0,2013-04-30 17:00:00,0
u0,2013-04-30 18:00:00,0
u0,2013-04-30 19:00:00,4630
u0,2013-04-30 20:00:00,686
u0,2013-04-30 21:00:00,1291
u0,2013-04-30 22:00:00,1738
u0,2013-04-30 23:00:00,716
u0,2013-05-01 00:00:00,1947
u0,2013-05-01 01:00:00,788
u0,2013-05-01 02:00:00,1109
u0,2013-05-01 03:00:00,2491
u0,2013-05-01 04:00:00,585
u0,2013-05-01 05:00:00,0
u0,2013-05-01 06:00:00,40
u0,2013-05-01 07:00:00,0
u0,2013-05-01 08:00:00,0
u0,2013-05-01 09:00:00,0
u0,2013-05-01 10:00:00,232
u0,2013-05-01 11:00:00,684
u0,2013-05-01 12:00:00,2340
u0,2013-05-01 13:00:00,6663
u0,2013-05-01 14:00:00,0
u0,2013-05-01 15:00:00,293
u0,2013-05-01 16:00:00,80
u0,2013-05-01 17:00:00,3531
u0,2013-05-01 18:00:00,0
u0,2013-05-01 19:00:00,787
u0,2013-05-01 20:00:00,956
u0,2013-05-01 21:00:00,5537
u0,2013-05-01 22:00:00,0
u0,2013-05-01 23:00:00,2572
u0,2013-05-02 00:00:00,575
u0,2013-05-02 01:00:00,0
u0,2013-05-02 02:00:00,0
u0,2013-05-02 03:00:00,0
u0,2013-05-02 04:00:00,0
u0,2013-05-02 05:00:00,0
u0,2013-05-02 06:00:00,0
u0,2013-05-02 07:00:00,0
u0,2013-05-02 08:00:00,0
u0,2013-05-02 09:00:00,1412
u0,2013-05-02 10:00:00,0
u0,2013-05-02 11:00:00,5531
u0,2013-05-02 12:00:00,0
u0,2013-05-02 13:00:00,0
u0,2013-05-02 14:00:00,0
u0,2013-05-02 15:00:00,201
u0,2013-05-02 16:00:00,574
u0,2013-05-02 17:00:00,0
u0,2013-05-02 18:00:00,0
u0,2013-05-02 19:00:00,0
u0,2013-05-02 20:00:00,0
u0,2013-05-02 21:00:00,0
u0,2013-05-02 22:00:00,0
u0,2013-05-02 23:00:00,816
u0,2013-05-03 00:00:00,0
u0,2013-05-03 01:00:00,0
u0,2013-05-03 02:00:00,0
u0,2013-05-03 03:00:00,0
u0,2013-05-03 04:00:00,0
u0,2013-05-03 05:00:00,0
u0,2013-05-03 06:00:00,182
u0,2013-05-03 07:00:00,0
u0,2013-05-03 08:00:00,0
u0,2013-05-03 09:00:00,0
u0,2013-05-03 10:00:00,1353
u0,2013-05-03 11:00:00,2474
u0,2013-05-03 12:00:00,5578
u0,2013-05-03 13:00:00,0
u0,2013-05-03 14:00:00,979
u0,2013-05-03 15:00:00,1808
u0,2013-05-03 16:00:00,1928
u0,2013-05-03 17:00:00,1745
u0,2013-05-03 18:00:00,283
u0,2013-05-03 19:00:00,2280
u0,2013-05-03 20:00:00,1878
u0,2013-05-03 21:00:00,2126
u0,2013-05-03 22:00:00,2653
u0,2013-05-03 23:00:00,1140
u0,2013-05-04 00:00:00,1513
u0,2013-05-04 01:00:00,182
u0,2013-05-04 02:00:00,807
u0,2013-05-04 03:00:00,120
u0,2013-05-04 04:00:00,947
u0,2013-05-04 05:00:00,2530
u0,2013-05-04 06:00:00,3060
u0,2013-05-04 07:00:00,1613
u0,2013-05-04 08:00:00,746
u0,2013-05-04 09:00:00,676
u0,2013-05-04 10:00:00,0
u0,2013-05-04 11:00:00,0
u0,2013-05-04 12:00:00,0
u0,2013-05-04 13:00:00,0
u0,2013-05-04 14:00:00,0
u0,2013-05-04 15:00:00,0
u0,2013-05-04 16:00:00,0
u0,2013-05-04 17:00:00,0
u0,2013-05-04 18:00:00,10803
u0,2013-05-04 19:00:00,0
u0,2013-05-04 20:00:00,0
u0,2013-05-04 21:00:00,484
u0,2013-05-04 22:00:00,2741
u0,2013-05-04 23:00:00,0
u0,2013-05-05 00:00:00,0
u0,2013-05-05 01:00:00,0
u0,2013-05-05 02:00:00,0
u0,2013-05-05 03:00:00,0
u0,2013-05-05 04:00:00,121
u0,2013-05-05 05:00:00,295
u0,2013-05-05 06:00:00,1180
u0,2013-05-05 07:00:00,1665
u0,2013-05-05 08:00:00,1537
u0,2013-05-05 09:00:00,666
u0,2013-05-05 10:00:00,1118
u0,2013-05-05 11:00:00,1009
u0,2013-05-05 12:00:00,2189
u0,2013-05-05 13:00:00,778
u0,2013-05-05 14:00:00,1254
u0,2013-05-05 15:00:00,1141
u0,2013-05-05 16:00:00,1693
u0,2013-05-05 17:00:00,0
u0,2013-05-05 18:00:00,7564
u0,2013-05-05 19:00:00,0
u0,2013-05-05 20:00:00,0
u0,2013-05-05 21:00:00,705
u0,2013-05-05 22:00:00,1472
u0,2013-05-05 23:00:00,0
u0,2013-05-06 00:00:00,0
u0,2013-05-06 01:00:00,0
u0,2013-05-06 02:00:00,0
u0,2013-05-06 03:00:00,0
u0,2013-05-06 04:00:00,0
u0,2013-05-06 05:00:00,0
u0,2013-05-06 06:00:00,0
u0,2013-05-06 07:00:00,423
u0,2013-05-06 08:00:00,1019
u0,2013-05-06 09:00:00,2019
u0,2013-05-06 10:00:00,1925
u0,2013-05-06 11:00:00,1674
u0,2013-05-06 12:00:00,1682
u0,2013-05-06 13:00:00,2490
u0,2013-05-06 14:00:00,2410
u0,2013-05-06 15:00:00,2442
u0,2013-05-06 16:00:00,2108
u0,2013-05-06 17:00:00,1068
u0,2013-05-06 18:00:00,1976
u0,2013-05-06 19:00:00,1048
u0,2013-05-06 20:00:00,2199
u0,2013-05-06 21:00:00,3662
u0,2013-05-06 22:00:00,858
u0,2013-05-06 23:00:00,605
u0,2013-05-07 00:00:00,0
u0,2013-05-07 01:00:00,444
u0,2013-05-07 02:00:00,0
u0,2013-05-07 03:00:00,0
u0,2013-05-07 04:00:00,0
u0,2013-05-07 05:00:00,192
u0,2013-05-07 06:00:00,3642
u0,2013-05-07 07:00:00,4459
u0,2013-05-07 08:00:00,0
u0,2013-05-07 09:00:00,2118
u0,2013-05-07 10:00:00,3309
u0,2013-05-07 11:00:00,3642
u0,2013-05-07 12:00:00,2230
u0,2013-05-07 13:00:00,3691
u0,2013-05-07 14:00:00,2644
u0,2013-05-07 15:00:00,2855
u0,2013-05-07 16:00:00,2583
u0,2013-05-07 17:00:00,4712
u0,2013-05-07 18:00:00,1796
u0,2013-05-07 19:00:00,4721
u0,2013-05-07 20:00:00,3107
u0,2013-05-07 21:00:00,2209
u0,2013-05-07 22:00:00,1956
u0,2013-05-07 23:00:00,81
u0,2013-05-08 00:00:00,0
u0,2013-05-08 01:00:00,0
u0,2013-05-08 02:00:00,0
u0,2013-05-08 03:00:00,0
u0,2013-05-08 04:00:00,0
u0,2013-05-08 05:00:00,2209
u0,2013-05-08 06:00:00,1785
u0,2013-05-08 07:00:00,3410
u0,2013-05-08 08:00:00,0
u0,2013-05-08 09:00:00,1271
u0,2013-05-08 10:00:00,0
u0,2013-05-08 11:00:00,0
u0,2013-05-08 12:00:00,0
u0,2013-05-08 13:00:00,1009
u0,2013-05-08 14:00:00,1622
u0,2013-05-08 15:00:00,2531
u0,2013-05-08 16:00:00,1098
u0,2013-05-08 17:00:00,421
u0,2013-05-08 18:00:00,0
u0,2013-05-08 19:00:00,0
u0,2013-05-08 20:00:00,0
u0,2013-05-08 21:00:00,0
u0,2013-05-08 22:00:00,0
u0,2013-05-08 23:00:00,330
u0,2013-05-09 00:00:00,1220
u0,2013-05-09 01:00:00,626
u0,2013-05-09 02:00:00,816
u0,2013-05-09 03:00:00,0
u0,2013-05-09 04:00:00,0
u0,2013-05-09 05:00:00,0
u0,2013-05-09 06:00:00,0
u0,2013-05-09 07:00:00,0
u0,2013-05-09 08:00:00,0
u0,2013-05-09 09:00:00,0
u0,2013-05-09 10:00:00,0
u0,2013-05-09 11:00:00,0
u0,2013-05-09 12:00:00,0
u0,2013-05-09 13:00:00,483
u0,2013-05-09 14:00:00,485
u0,2013-05-09 15:00:00,0
u0,2013-05-09 16:00:00,232
u0,2013-05-09 17:00:00,3903
u0,2013-05-09 18:00:00,1553
u0,2013-05-09 19:00:00,313
u0,2013-05-09 20:00:00,6646
u0,2013-05-09 21:00:00,1291
u0,2013-05-09 22:00:00,1341
u0,2013-05-09 23:00:00,2766
u0,2013-05-10 00:00:00,3330
u0,2013-05-10 01:00:00,142
u0,2013-05-10 02:00:00,0
u0,2013-05-10 03:00:00,0
u0,2013-05-10 04:00:00,232
u0,2013-05-10 05:00:00,0
u0,2013-05-10 06:00:00,0
u0,2013-05-10 07:00:00,0
u0,2013-05-10 08:00:00,0
u0,2013-05-10 09:00:00,0
u0,2013-05-10 10:00:00,251
u0,2013-05-10 11:00:00,2434
u0,2013-05-10 12:00:00,282
u0,2013-05-10 13:00:00,0
u0,2013-05-10 14:00:00,3893
u0,2013-05-10 15:00:00,1855
u0,2013-05-10 16:00:00,665
u0,2013-05-10 17:00:00,4458
u0,2013-05-10 18:00:00,0
u0,2013-05-10 19:00:00,2348
u0,2013-05-10 20:00:00,838
u0,2013-05-10 21:00:00,2410
u0,2013-05-10 22:00:00,1270
u0,2013-05-10 23:00:00,273
u0,2013-05-11 00:00:00,737
u0,2013-05-11 01:00:00,291
u0,2013-05-11 02:00:00,182
u0,2013-05-11 03:00:00,829
u0,2013-05-11 04:00:00,0
u0,2013-05-11 05:00:00,0
u0,2013-05-11 06:00:00,0
u0,2013-05-11 07:00:00,0
u0,2013-05-11 08:00:00,0
u0,2013-05-11 09:00:00,0
u0,2013-05-11 10:00:00,0
u0,2013-05-11 11:00:00,0
u0,2013-05-11 12:00:00,0
u0,2013-05-11 13:00:00,2589
u0,2013-05-11 14:00:00,2252
u0,2013-05-11 15:00:00,464
u0,2013-05-11 16:00:00,989
u0,2013-05-11 17:00:00,3027
u0,2013-05-11 18:00:00,126
u0,2013-05-11 19:00:00,0
u0,2013-05-11 20:00:00,1433
u0,2013-05-11 21:00:00,1581
u0,2013-05-11 22:00:00,3064
u0,2013-05-11 23:00:00,3418
u0,2013-05-12 00:00:00,3318
u0,2013-05-12 01:00:00,1217
u0,2013-05-12 02:00:00,0
u0,2013-05-12 03:00:00,0
u0,2013-05-12 04:00:00,0
u0,2013-05-12 05:00:00,0
u0,2013-05-12 06:00:00,0
u0,2013-05-12 07:00:00,0
u0,2013-05-12 08:00:00,0
u0,2013-05-12 09:00:00,70
u0,2013-05-12 10:00:00,0
u0,2013-05-12 11:00:00,0
u0,2013-05-12 12:00:00,2154
u0,2013-05-12 13:00:00,2013
u0,2013-05-12 14:00:00,1210
u0,2013-05-12 15:00:00,611
u0,2013-05-12 16:00:00,1462
u0,2013-05-12 17:00:00,2019
u0,2013-05-12 18:00:00,3815
u0,2013-05-12 19:00:00,676
u0,2013-05-12 20:00:00,768
u0,2013-05-12 21:00:00,363
u0,2013-05-12 22:00:00,7887
u0,2013-05-12 23:00:00,0
u0,2013-05-13 00:00:00,0
u0,2013-05-13 01:00:00,0
u0,2013-05-13 02:00:00,0
u0,2013-05-13 03:00:00,0
u0,2013-05-13 04:00:00,0
u0,2013-05-13 05:00:00,0
u0,2013-05-13 06:00:00,0
u0,2013-05-13 07:00:00,0
u0,2013-05-13 08:00:00,0
u0,2013-05-13 09:00:00,0
u0,2013-05-13 10:00:00,141
u0,2013-05-13 11:00:00,1687
u0,2013-05-13 12:00:00,1744
u0,2013-05-13 13:00:00,2690
u0,2013-05-13 14:00:00,1778
u0,2013-05-13 15:00:00,0
u0,2013-05-13 16:00:00,0
u0,2013-05-13 17:00:00,4033
u0,2013-05-13 18:00:00,0
u0,2013-05-13 19:00:00,2602
u0,2013-05-13 20:00:00,3872
u0,2013-05-13 21:00:00,2824
u0,2013-05-13 22:00:00,2035
u0,2013-05-13 23:00:00,2616
u0,2013-05-14 00:00:00,383
u0,2013-05-14 01:00:00,330
u0,2013-05-14 02:00:00,0
u0,2013-05-14 03:00:00,0
u0,2013-05-14 04:00:00,0
u0,2013-05-14 05:00:00,0
u0,2013-05-14 06:00:00,0
u0,2013-05-14 07:00:00,0
u0,2013-05-14 08:00:00,0
u0,2013-05-14 09:00:00,0
u0,2013-05-14 10:00:00,0
u0,2013-05-14 11:00:00,2864
u0,2013-05-14 12:00:00,2544
u0,2013-05-14 13:00:00,191
u0,2013-05-14 14:00:00,70
u0,2013-05-14 15:00:00,192
u0,2013-05-14 16:00:00,0
u0,2013-05-14 17:00:00,0
u0,2013-05-14 18:00:00,1347
u0,2013-05-14 19:00:00,2660
u0,2013-05-14 20:00:00,1239
u0,2013-05-14 21:00:00,214
u0,2013-05-14 22:00:00,1130
u0,2013-05-14 23:00:00,1219
u0,2013-05-15 00:00:00,710
u0,2013-05-15 01:00:00,514
u0,2013-05-15 02:00:00,61
u0,2013-05-15 03:00:00,0
u0,2013-05-15 04:00:00,0
u0,2013-05-15 05:00:00,0
u0,2013-05-15 06:00:00,0
u0,2013-05-15 07:00:00,0
u0,2013-05-15 08:00:00,0
u0,2013-05-15 09:00:00,0
u0,2013-05-15 10:00:00,91
u0,2013-05-15 11:00:00,2263
u0,2013-05-15 12:00:00,2662
u0,2013-05-15 13:00:00,1573
u0,2013-05-15 14:00:00,4960
u0,2013-05-15 15:00:00,798
u0,2013-05-15 16:00:00,3177
u0,2013-05-15 17:00:00,3328
u0,2013-05-15 18:00:00,1099
u0,2013-05-15 19:00:00,1755
u0,2013-05-15 20:00:00,2652
u0,2013-05-15 21:00:00,5487
u0,2013-05-15 22:00:00,0
u0,2013-05-15 23:00:00,6582
u0,2013-05-16 00:00:00,0
u0,2013-05-16 01:00:00,364
u0,2013-05-16 02:00:00,111
u0,2013-05-16 03:00:00,0
u0,2013-05-16 04:00:00,0
u0,2013-05-16 05:00:00,0
u0,2013-05-16 06:00:00,0
u0,2013-05-16 07:00:00,0
u0,2013-05-16 08:00:00,0
u0,2013-05-16 09:00:00,0
u0,2013-05-16 10:00:00,0
u0,2013-05-16 11:00:00,8686
u0,2013-05-16 12:00:00,0
u0,2013-05-16 13:00:00,3752
u0,2013-05-16 14:00:00,0
u0,2013-05-16 15:00:00,0
u0,2013-05-16 16:00:00,0
u0,2013-05-16 17:00:00,0
u0,2013-05-16 18:00:00,2200
u0,2013-05-16 19:00:00,1139
u0,2013-05-16 20:00:00,2612
u0,2013-05-16 21:00:00,4044
u0,2013-05-16 22:00:00,2077
u0,2013-05-16 23:00:00,3127
u0,2013-05-17 00:00:00,4349
u0,2013-05-17 01:00:00,979
u0,2013-05-17 02:00:00,81
u0,2013-05-17 03:00:00,0
u0,2013-05-17 04:00:00,0
u0,2013-05-17 05:00:00,0
u0,2013-05-17 06:00:00,0
u0,2013-05-17 07:00:00,0
u0,2013-05-17 08:00:00,0
u0,2013-05-17 09:00:00,0
u0,2013-05-17 10:00:00,313
u0,2013-05-17 11:00:00,9200
u0,2013-05-17 12:00:00,0
u0,2013-05-17 13:00:00,0
u0,2013-05-17 14:00:00,3781
u0,2013-05-17 15:00:00,3385
u0,2013-05-17 16:00:00,2117
u0,2013-05-17 17:00:00,0
u0,2013-05-17 18:00:00,0
u0,2013-05-17 19:00:00,5525
u0,2013-05-17 20:00:00,0
u0,2013-05-17 21:00:00,3581
u0,2013-05-17 22:00:00,1106
u0,2013-05-17 23:00:00,675
u0,2013-05-18 00:00:00,908
u0,2013-05-18 01:00:00,1533
u0,2013-05-18 02:00:00,111
u0,2013-05-18 03:00:00,0
u0,2013-05-18 04:00:00,0
u0,2013-05-18 05:00:00,0
u0,2013-05-18 06:00:00,0
u0,2013-05-18 07:00:00,0
u0,2013-05-18 08:00:00,0
u0,2013-05-18 09:00:00,0
u0,2013-05-18 10:00:00,0
u0,2013-05-18 11:00:00,0
u0,2013-05-18 12:00:00,0
u0,2013-05-18 13:00:00,0
u0,2013-05-18 14:00:00,0
u0,2013-05-18 15:00:00,0
u0,2013-05-18 16:00:00,0
u0,2013-05-18 17:00:00,0
u0,2013-05-18 18:00:00,0
u0,2013-05-18 19:00:00,0
u0,2013-05-18 20:00:00,0
u0,2013-05-18 21:00:00,0
u0,2013-05-18 22:00:00,0
u0,2013-05-18 23:00:00,0
u0,2013-05-19 00:00:00,0
u0,2013-05-19 01:00:00,0
u0,2013-05-19 02:00:00,0
u0,2013-05-19 03:00:00,0
u0,2013-05-19 04:00:00,0
u0,2013-05-19 05:00:00,0
u0,2013-05-19 06:00:00,0
u0,2013-05-19 07:00:00,0
u0,2013-05-19 08:00:00,0
u0,2013-05-19 09:00:00,0
u0,2013-05-19 10:00:00,0
u0,2013-05-19 11:00:00,0
u0,2013-05-19 12:00:00,0
u0,2013-05-19 13:00:00,0
u0,2013-05-19 14:00:00,0
u0,2013-05-19 15:00:00,73
u0,2013-05-19 16:00:00,2663
u0,2013-05-19 17:00:00,3005
u0,2013-05-19 18:00:00,182
u0,2013-05-19 19:00:00,118
u0,2013-05-19 20:00:00,343
u0,2013-05-19 21:00:00,182
u0,2013-05-19 22:00:00,332
u0,2013-05-19 23:00:00,1392
u0,2013-05-20 00:00:00,948
u0,2013-05-20 01:00:00,162
u0,2013-05-20 02:00:00,0
u0,2013-05-20 03:00:00,0
u0,2013-05-20 04:00:00,0
u0,2013-05-20 05:00:00,0
u0,2013-05-20 06:00:00,0
u0,2013-05-20 07:00:00,0
u0,2013-05-20 08:00:00,0
u0,2013-05-20 09:00:00,0
u0,2013-05-20 10:00:00,0
u0,2013-05-20 11:00:00,675
u0,2013-05-20 12:00:00,484
u0,2013-05-20 13:00:00,241
u0,2013-05-20 14:00:00,0
u0,2013-05-20 15:00:00,0
u0,2013-05-20 16:00:00,0
u0,2013-05-20 17:00:00,2240
u0,2013-05-20 18:00:00,625
u0,2013-05-20 19:00:00,191
u0,2013-05-20 20:00:00,0
u0,2013-05-20 21:00:00,0
u0,2013-05-20 22:00:00,0
u0,2013-05-20 23:00:00,0
u0,2013-05-21 00:00:00,0
u0,2013-05-21 01:00:00,0
u0,2013-05-21 02:00:00,0
u0,2013-05-21 03:00:00,0
u0,2013-05-21 04:00:00,0
u0,2013-05-21 05:00:00,0
u0,2013-05-21 06:00:00,0
u0,2013-05-21 07:00:00,0
u0,2013-05-21 08:00:00,0
u0,2013-05-21 09:00:00,0
u0,2013-05-21 10:00:00,0
u0,2013-05-21 11:00:00,0
u0,2013-05-21 12:00:00,0
u0,2013-05-21 13:00:00,0
u0,2013-05-21 14:00:00,0
u0,2013-05-21 15:00:00,0
u0,2013-05-21 16:00:00,0
u0,2013-05-21 17:00:00,0
u0,2013-05-21 18:00:00,0
u0,2013-05-21 19:00:00,0
u0,2013-05-21 20:00:00,0
u0,2013-05-21 21:00:00,0
u0,2013-05-21 22:00:00,0
u0,2013-05-21 23:00:00,0
u0,2013-05-22 00:00:00,0
u0,2013-05-22 01:00:00,0
u0,2013-05-22 02:00:00,0
u0,2013-05-22 03:00:00,0
u0,2013-05-22 04:00:00,0
u0,2013-05-22 05:00:00,0
u0,2013-05-22 06:00:00,0
u0,2013-05-22 07:00:00,0
u0,2013-05-22 08:00:00,0
u0,2013-05-22 09:00:00,0
u0,2013-05-22 10:00:00,0
u0,2013-05-22 11:00:00,0
u0,2013-05-22 12:00:00,0
u0,2013-05-22 13:00:00,0
u0,2013-05-22 14:00:00,0
u0,2013-05-22 15:00:00,0
u0,2013-05-22 16:00:00,0
u0,2013-05-22 17:00:00,0
u0,2013-05-22 18:00:00,0
u0,2013-05-22 19:00:00,0
u0,2013-05-22 20:00:00,0
u0,2013-05-22 21:00:00,0
u0,2013-05-22 22:00:00,484
u0,2013-05-22 23:00:00,594
u0,2013-05-23 00:00:00,816
u0,2013-05-23 01:00:00,0
u0,2013-05-23 02:00:00,0
u0,2013-05-23 03:00:00,0
u0,2013-05-23 04:00:00,0
u0,2013-05-23 05:00:00,0
u0,2013-05-23 06:00:00,0
u0,2013-05-23 07:00:00,0
u0,2013-05-23 08:00:00,0
u0,2013-05-23 09:00:00,0
u0,2013-05-23 10:00:00,0
u0,2013-05-23 11:00:00,0
u0,2013-05-23 12:00:00,121
u0,2013-05-23 13:00:00,664
u0,2013-05-23 14:00:00,3019
u0,2013-05-23 15:00:00,1533
u0,2013-05-23 16:00:00,4015
u0,2013-05-23 17:00:00,1564
u0,2013-05-23 18:00:00,1283
u0,2013-05-23 19:00:00,1574
u0,2013-05-23 20:00:00,1200
u0,2013-05-23 21:00:00,1928
u0,2013-05-23 22:00:00,434
u0,2013-05-23 23:00:00,2935
u0,2013-05-24 00:00:00,282
u0,2013-05-24 01:00:00,2128
u0,2013-05-24 02:00:00,423
u0,2013-05-24 03:00:00,0
u0,2013-05-24 04:00:00,0
u0,2013-05-24 05:00:00,0
u0,2013-05-24 06:00:00,0
u0,2013-05-24 07:00:00,0
u0,2013-05-24 08:00:00,0
u0,2013-05-24 09:00:00,0
u0,2013-05-24 10:00:00,70
u0,2013-05-24 11:00:00,232
u0,2013-05-24 12:00:00,403
u0,2013-05-24 13:00:00,553
u0,2013-05-24 14:00:00,1522
u0,2013-05-24 15:00:00,2703
u0,2013-05-24 16:00:00,1129
u0,2013-05-24 17:00:00,50
u0,2013-05-24 18:00:00,2592
u0,2013-05-24 19:00:00,1089
u0,2013-05-24 20:00:00,0
u0,2013-05-24 21:00:00,0
u0,2013-05-24 22:00:00,1703
u0,2013-05-24 23:00:00,936
u0,2013-05-25 00:00:00,1563
u0,2013-05-25 01:00:00,846
u0,2013-05-25 02:00:00,1754
u0,2013-05-25 03:00:00,3651
u0,2013-05-25 04:00:00,2018
u0,2013-05-25 05:00:00,2087
u0,2013-05-25 06:00:00,0
u0,2013-05-25 07:00:00,0
u0,2013-05-25 08:00:00,0
u0,2013-05-25 09:00:00,0
u0,2013-05-25 10:00:00,0
u0,2013-05-25 11:00:00,0
u0,2013-05-25 12:00:00,1050
u0,2013-05-25 13:00:00,3579
u0,2013-05-25 14:00:00,4539
u0,2013-05-25 15:00:00,1173
u0,2013-05-25 16:00:00,2139
u0,2013-05-25 17:00:00,1909
u0,2013-05-25 18:00:00,1149
u0,2013-05-25 19:00:00,120
u0,2013-05-25 20:00:00,0
u0,2013-05-25 21:00:00,0
u0,2013-05-25 22:00:00,0
u0,2013-05-25 23:00:00,0
u0,2013-05-26 00:00:00,0
u0,2013-05-26 01:00:00,1937
u0,2013-05-26 02:00:00,2289
u0,2013-05-26 03:00:00,1331
u0,2013-05-26 04:00:00,0
u0,2013-05-26 05:00:00,0
u0,2013-05-26 06:00:00,0
u0,2013-05-26 07:00:00,0
u0,2013-05-26 08:00:00,0
u0,2013-05-26 09:00:00,0
u0,2013-05-26 10:00:00,0
u0,2013-05-26 11:00:00,0
u0,2013-05-26 12:00:00,0
u0,2013-05-26 13:00:00,0
u0,2013-05-26 14:00:00,383
u0,2013-05-26 15:00:00,342
u0,2013-05-26 16:00:00,0
u0,2013-05-26 17:00:00,0
u0,2013-05-26 18:00:00,766
u0,2013-05-26 19:00:00,1038
u0,2013-05-26 20:00:00,809
u0,2013-05-26 21:00:00,776
u0,2013-05-26 22:00:00,1615
u0,2013-05-26 23:00:00,847
u0,2013-05-27 00:00:00,1957
u0,2013-05-27 01:00:00,1653
u0,2013-05-27 02:00:00,60
u0,2013-05-27 03:00:00,958
u0,2013-05-27 04:00:00,0
u0,2013-05-27 05:00:00,0
u0,2013-05-27 06:00:00,0
u0,2013-05-27 07:00:00,0
u0,2013-05-27 08:00:00,0
u0,2013-05-27 09:00:00,0
u0,2013-05-27 10:00:00,1050
u0,2013-05-27 11:00:00,1624
u0,2013-05-27 12:00:00,1354
u0,2013-05-27 13:00:00,1502
u0,2013-05-27 14:00:00,5327
u0,2013-05-27 15:00:00,4680
u0,2013-05-27 16:00:00,0
u0,2013-05-27 17:00:00,3279
u0,2013-05-27 18:00:00,5507
u0,2013-05-27 19:00:00,1361
u0,2013-05-27 20:00:00,2403
u0,2013-05-27 21:00:00,0
u0,2013-05-27 22:00:00,1110
u0,2013-05-27 23:00:00,443
u0,2013-05-28 00:00:00,1615
u0,2013-05-28 01:00:00,1955
u0,2013-05-28 02:00:00,120
u0,2013-05-28 03:00:00,0
u0,2013-05-28 04:00:00,0
u0,2013-05-28 05:00:00,0
u0,2013-05-28 06:00:00,0
u0,2013-05-28 07:00:00,0
u0,2013-05-28 08:00:00,0
u0,2013-05-28 09:00:00,0
u0,2013-05-28 10:00:00,0
u0,2013-05-28 11:00:00,1413
u0,2013-05-28 12:00:00,0
u0,2013-05-28 13:00:00,1584
u0,2013-05-28 14:00:00,7598
u0,2013-05-28 15:00:00,0
u0,2013-05-28 16:00:00,6235
u0,2013-05-28 17:00:00,0
u0,2013-05-28 18:00:00,0
u0,2013-05-28 19:00:00,504
u0,2013-05-28 20:00:00,5659
u0,2013-05-28 21:00:00,383
u0,2013-05-28 22:00:00,765
u0,2013-05-28 23:00:00,4933
u0,2013-05-29 00:00:00,0
u0,2013-05-29 01:00:00,2077
u0,2013-05-29 02:00:00,1949
u0,2013-05-29 03:00:00,374
u0,2013-05-29 04:00:00,252
u0,2013-05-29 05:00:00,0
u0,2013-05-29 06:00:00,0
u0,2013-05-29 07:00:00,0
u0,2013-05-29 08:00:00,0
u0,2013-05-29 09:00:00,0
u0,2013-05-29 10:00:00,0
u0,2013-05-29 11:00:00,1926
u0,2013-05-29 12:00:00,2843
u0,2013-05-29 13:00:00,2703
u0,2013-05-29 14:00:00,0
u0,2013-05-29 15:00:00,866
u0,2013-05-29 16:00:00,5313
u0,2013-05-29 17:00:00,0
u0,2013-05-29 18:00:00,3246
u0,2013-05-29 19:00:00,0
u0,2013-05-29 20:00:00,968
u0,2013-05-29 21:00:00,4034
u0,2013-05-29 22:00:00,1391
u0,2013-05-29 23:00:00,2314
u0,2013-05-30 00:00:00,2905
u0,2013-05-30 01:00:00,2131
u0,2013-05-30 02:00:00,0
u0,2013-05-30 03:00:00,0
u0,2013-05-30 04:00:00,0
u0,2013-05-30 05:00:00,0
u0,2013-05-30 06:00:00,0
u0,2013-05-30 07:00:00,0
u0,2013-05-30 08:00:00,0
u0,2013-05-30 09:00:00,0
u0,2013-05-30 10:00:00,0
u0,2013-05-30 11:00:00,0
u0,2013-05-30 12:00:00,0
u0,2013-05-30 13:00:00,0
u0,2013-05-30 14:00:00,0
u0,2013-05-30 15:00:00,150
u0,2013-05-30 16:00:00,0
u0,2013-05-30 17:00:00,111
u0,2013-05-30 18:00:00,2188
u0,2013-05-30 19:00:00,2471
u0,2013-05-30 20:00:00,3731
u0,2013-05-30 21:00:00,1647
u0,2013-05-30 22:00:00,967
u0,2013-05-30 23:00:00,3185
u0,2013-05-31 00:00:00,3924
u0,2013-05-31 01:00:00,1332
u0,2013-05-31 02:00:00,586
u0,2013-05-31 03:00:00,0
u0,2013-05-31 04:00:00,0
u0,2013-05-31 05:00:00,0
u0,2013-05-31 06:00:00,0
u0,2013-05-31 07:00:00,0
u0,2013-05-31 08:00:00,0
u0,2013-05-31 09:00:00,0
u0,2013-05-31 10:00:00,80
u0,2013-05-31 11:00:00,630
u0,2013-05-31 12:00:00,1461
u0,2013-05-31 13:00:00,442
u0,2013-05-31 14:00:00,1331
u0,2013-05-31 15:00:00,4529
u0,2013-05-31 16:00:00,1563
u0,2013-05-31 17:00:00,2178
u0,2013-05-31 18:00:00,4145
u0,2013-05-31 19:00:00,1564
u0,2013-05-31 20:00:00,2363
u0,2013-05-31 21:00:00,1698
u0,2013-05-31 22:00:00,6363
u0,2013-05-31 23:00:00,3338
u0,2013-06-01 00:00:00,373
u1,2013-03-27 04:00:00,413
u1,2013-03-27 05:00:00,0
u1,2013-03-27 06:00:00,0
u1,2013-03-27 07:00:00,0
u1,2013-03-27 08:00:00,0
u1,2013-03-27 09:00:00,0
u1,2013-03-27 10:00:00,0
u1,2013-03-27 11:00:00,0
u1,2013-03-27 12:00:00,3045
u1,2013-03-27 13:00:00,666
u1,2013-03-27 14:00:00,2894
u1,2013-03-27 15:00:00,2955
u1,2013-03-27 16:00:00,1059
u1,2013-03-27 17:00:00,0
u1,2013-03-27 18:00:00,0
u1,2013-03-27 19:00:00,0
u1,2013-03-27 20:00:00,0
u1,2013-03-27 21:00:00,1169
u1,2013-03-27 22:00:00,0
u1,2013-03-27 23:00:00,0
u1,2013-03-28 00:00:00,2864
u1,2013-03-28 01:00:00,2219
u1,2013-03-28 02:00:00,1261
u1,2013-03-28 03:00:00,3247
u1,2013-03-28 04:00:00,565
u1,2013-03-28 05:00:00,787
u1,2013-03-28 06:00:00,0
u1,2013-03-28 07:00:00,0
u1,2013-03-28 08:00:00,0
u1,2013-03-28 09:00:00,0
u1,2013-03-28 10:00:00,0
u1,2013-03-28 11:00:00,0
u1,2013-03-28 12:00:00,0
u1,2013-03-28 13:00:00,0
u1,2013-03-28 14:00:00,0
u1,2013-03-28 15:00:00,0
u1,2013-03-28 16:00:00,0
u1,2013-03-28 17:00:00,888
u1,2013-03-28 18:00:00,2853
u1,2013-03-28 19:00:00,3129
u1,2013-03-28 20:00:00,1552
u1,2013-03-28 21:00:00,727
u1,2013-03-28 22:00:00,422
u1,2013-03-28 23:00:00,3158
u1,2013-03-29 00:00:00,3682
u1,2013-03-29 01:00:00,1693
u1,2013-03-29 02:00:00,1311
u1,2013-03-29 03:00:00,1240
u1,2013-03-29 04:00:00,1110
u1,2013-03-29 05:00:00,111
u1,2013-03-29 06:00:00,0
u1,2013-03-29 07:00:00,0
u1,2013-03-29 08:00:00,0
u1,2013-03-29 09:00:00,0
u1,2013-03-29 10:00:00,0
u1,2013-03-29 11:00:00,0
u1,2013-03-29 12:00:00,1381
u1,2013-03-29 13:00:00,1744
u1,2013-03-29 14:00:00,3904
u1,2013-03-29 15:00:00,3672
u1,2013-03-29 16:00:00,444
u1,2013-03-29 17:00:00,1743
u1,2013-03-29 18:00:00,5054
u1,2013-03-29 19:00:00,565
u1,2013-03-29 20:00:00,968
u1,2013-03-29 21:00:00,2419
u1,2013-03-29 22:00:00,2914
u1,2013-03-29 23:00:00,3912
u1,2013-03-30 00:00:00,2369
u1,2013-03-30 01:00:00,1927
u1,2013-03-30 02:00:00,878
u1,2013-03-30 03:00:00,202
u1,2013-03-30 04:00:00,1121
u1,2013-03-30 05:00:00,222
u1,2013-03-30 06:00:00,0
u1,2013-03-30 07:00:00,0
u1,2013-03-30 08:00:00,0
u1,2013-03-30 09:00:00,0
u1,2013-03-30 10:00:00,0
u1,2013-03-30 11:00:00,0
u1,2013-03-30 12:00:00,0
u1,2013-03-30 13:00:00,0
u1,2013-03-30 14:00:00,0
u1,2013-03-30 15:00:00,1605
u1,2013-03-30 16:00:00,2766
u1,2013-03-30 17:00:00,4778
u1,2013-03-30 18:00:00,584
u1,2013-03-30 19:00:00,7412
u1,2013-03-30 20:00:00,0
u1,2013-03-30 21:00:00,1683
u1,2013-03-30 22:00:00,131
u1,2013-03-30 23:00:00,0
u1,2013-03-31 00:00:00,2088
u1,2013-03-31 01:00:00,0
u1,2013-03-31 02:00:00,4053
u1,2013-03-31 03:00:00,1311
u1,2013-03-31 04:00:00,1168
u1,2013-03-31 05:00:00,861
u1,2013-03-31 06:00:00,0
u1,2013-03-31 07:00:00,0
u1,2013-03-31 08:00:00,0
u1,2013-03-31 09:00:00,0
u1,2013-03-31 10:00:00,0
u1,2013-03-31 11:00:00,0
u1,2013-03-31 12:00:00,0
u1,2013-03-31 13:00:00,0
u1,2013-03-31 14:00:00,0
u1,2013-03-31 15:00:00,0
u1,2013-03-31 16:00:00,1684
u1,2013-03-31 17:00:00,564
u1,2013-03-31 18:00:00,2582
u1,2013-03-31 19:00:00,2360
u1,2013-03-31 20:00:00,4176
u1,2013-03-31 21:00:00,817
u1,2013-03-31 22:00:00,1351
u1,2013-03-31 23:00:00,362
u1,2013-04-01 00:00:00,1604
u1,2013-04-01 01:00:00,1341
u1,2013-04-01 02:00:00,1886
u1,2013-04-01 03:00:00,3035
u1,2013-04-01 04:00:00,1420
u1,2013-04-01 05:00:00,2733
u1,2013-04-01 06:00:00,3086
u1,2013-04-01 07:00:00,2451
u1,2013-04-01 08:00:00,0
u1,2013-04-01 09:00:00,0
u1,2013-04-01 10:00:00,0
u1,2013-04-01 11:00:00,0
u1,2013-04-01 12:00:00,0
u1,2013-04-01 13:00:00,0
u1,2013-04-01 14:00:00,0
u1,2013-04-01 15:00:00,2935
u1,2013-04-01 16:00:00,1169
u1,2013-04-01 17:00:00,1583
u1,2013-04-01 18:00:00,1747
u1,2013-04-01 19:00:00,1029
u1,2013-04-01 20:00:00,654
u1,2013-04-01 21:00:00,0
u1,2013-04-01 22:00:00,1320
u1,2013-04-01 23:00:00,5719
u1,2013-04-02 00:00:00,0
u1,2013-04-02 01:00:00,484
u1,2013-04-02 02:00:00,2036
u1,2013-04-02 03:00:00,1785
u1,2013-04-02 04:00:00,2156
u1,2013-04-02 05:00:00,0
u1,2013-04-02 06:00:00,0
u1,2013-04-02 07:00:00,0
u1,2013-04-02 08:00:00,0
u1,2013-04-02 09:00:00,0
u1,2013-04-02 10:00:00,0
u1,2013-04-02 11:00:00,0
u1,2013-04-02 12:00:00,0
u1,2013-04-02 13:00:00,0
u1,2013-04-02 14:00:00,0
u1,2013-04-02 15:00:00,0
u1,2013-04-02 16:00:00,232
u1,2013-04-02 17:00:00,2713
u1,2013-04-02 18:00:00,171
u1,2013-04-02 19:00:00,1281
u1,2013-04-02 20:00:00,695
u1,2013-04-02 21:00:00,71
u1,2013-04-02 22:00:00,141
u1,2013-04-02 23:00:00,344
u1,2013-04-03 00:00:00,1885
u1,2013-04-03 01:00:00,1542
u1,2013-04-03 02:00:00,776
u1,2013-04-03 03:00:00,384
u1,2013-04-03 04:00:00,0
u1,2013-04-03 05:00:00,222
u1,2013-04-03 06:00:00,0
u1,2013-04-03 07:00:00,0
u1,2013-04-03 08:00:00,0
u1,2013-04-03 09:00:00,0
u1,2013-04-03 10:00:00,0
u1,2013-04-03 11:00:00,0
u1,2013-04-03 12:00:00,3974
u1,2013-04-03 13:00:00,0
u1,2013-04-03 14:00:00,3347
u1,2013-04-03 15:00:00,10355
u1,2013-04-03 16:00:00,0
u1,2013-04-03 17:00:00,0
u1,2013-04-03 18:00:00,716
u1,2013-04-03 19:00:00,3792
u1,2013-04-03 20:00:00,3712
u1,2013-04-03 21:00:00,1614
u1,2013-04-03 22:00:00,3184
u1,2013-04-03 23:00:00,3401
u1,2013-04-04 00:00:00,3056
u1,2013-04-04 01:00:00,2794
u1,2013-04-04 02:00:00,5973
u1,2013-04-04 03:00:00,1150
u1,2013-04-04 04:00:00,1473
u1,2013-04-04 05:00:00,3464
u1,2013-04-04 06:00:00,917
u1,2013-04-04 07:00:00,333
u1,2013-04-04 08:00:00,0
u1,2013-04-04 09:00:00,0
u1,2013-04-04 10:00:00,0
u1,2013-04-04 11:00:00,0
u1,2013-04-04 12:00:00,0
u1,2013-04-04 13:00:00,0
u1,2013-04-04 14:00:00,0
u1,2013-04-04 15:00:00,675
u1,2013-04-04 16:00:00,2814
u1,2013-04-04 17:00:00,3126
u1,2013-04-04 18:00:00,1432
u1,2013-04-04 19:00:00,2319
u1,2013-04-04 20:00:00,3499
u1,2013-04-04 21:00:00,2883
u1,2013-04-04 22:00:00,3349
u1,2013-04-04 23:00:00,2823
u1,2013-04-05 00:00:00,3671
u1,2013-04-05 01:00:00,4019
u1,2013-04-05 02:00:00,141
u1,2013-04-05 03:00:00,606
u1,2013-04-05 04:00:00,2499
u1,2013-04-05 05:00:00,130
u1,2013-04-05 06:00:00,0
u1,2013-04-05 07:00:00,0
u1,2013-04-05 08:00:00,0
u1,2013-04-05 09:00:00,0
u1,2013-04-05 10:00:00,0
u1,2013-04-05 11:00:00,0
u1,2013-04-05 12:00:00,71
u1,2013-04-05 13:00:00,0
u1,2013-04-05 14:00:00,363
u1,2013-04-05 15:00:00,4014
u1,2013-04-05 16:00:00,0
u1,2013-04-05 17:00:00,937
u1,2013-04-05 18:00:00,2781
u1,2013-04-05 19:00:00,3739
u1,2013-04-05 20:00:00,1553
u1,2013-04-05 21:00:00,2732
u1,2013-04-05 22:00:00,5841
u1,2013-04-05 23:00:00,1594
u1,2013-04-06 00:00:00,2179
u1,2013-04-06 01:00:00,3169
u1,2013-04-06 02:00:00,2998
u1,2013-04-06 03:00:00,4982
u1,2013-04-06 04:00:00,1413
u1,2013-04-06 05:00:00,1776
u1,2013-04-06 06:00:00,1503
u1,2013-04-06 07:00:00,0
u1,2013-04-06 08:00:00,0
u1,2013-04-06 09:00:00,0
u1,2013-04-06 10:00:00,0
u1,2013-04-06 11:00:00,0
u1,2013-04-06 12:00:00,0
u1,2013-04-06 13:00:00,0
u1,2013-04-06 14:00:00,0
u1,2013-04-06 15:00:00,0
u1,2013-04-06 16:00:00,0
u1,2013-04-06 17:00:00,0
u1,2013-04-06 18:00:00,2864
u1,2013-04-06 19:00:00,252
u1,2013-04-06 20:00:00,5296
u1,2013-04-06 21:00:00,1635
u1,2013-04-06 22:00:00,3287
u1,2013-04-06 23:00:00,3661
u1,2013-04-07 00:00:00,857
u1,2013-04-07 01:00:00,6564
u1,2013-04-07 02:00:00,0
u1,2013-04-07 03:00:00,2713
u1,2013-04-07 04:00:00,1180
u1,2013-04-07 05:00:00,1867
u1,2013-04-07 06:00:00,282
u1,2013-04-07 07:00:00,0
u1,2013-04-07 08:00:00,0
u1,2013-04-07 09:00:00,0
u1,2013-04-07 10:00:00,0
u1,2013-04-07 11:00:00,0
u1,2013-04-07 12:00:00,0
u1,2013-04-07 13:00:00,0
u1,2013-04-07 14:00:00,0
u1,2013-04-07 15:00:00,0
u1,2013-04-07 16:00:00,0
u1,2013-04-07 17:00:00,1312
u1,2013-04-07 18:00:00,3752
u1,2013-04-07 19:00:00,1654
u1,2013-04-07 20:00:00,2643
u1,2013-04-07 21:00:00,5416
u1,2013-04-07 22:00:00,0
u1,2013-04-07 23:00:00,474
u1,2013-04-08 00:00:00,3974
u1,2013-04-08 01:00:00,1532
u1,2013-04-08 02:00:00,3821
u1,2013-04-08 03:00:00,3700
u1,2013-04-08 04:00:00,1865
u1,2013-04-08 05:00:00,2388
u1,2013-04-08 06:00:00,2479
u1,2013-04-08 07:00:00,1465
u1,2013-04-08 08:00:00,0
u1,2013-04-08 09:00:00,0
u1,2013-04-08 10:00:00,0
u1,2013-04-08 11:00:00,81
u1,2013-04-08 12:00:00,0
u1,2013-04-08 13:00:00,0
u1,2013-04-08 14:00:00,0
u1,2013-04-08 15:00:00,3915
u1,2013-04-08 16:00:00,1169
u1,2013-04-08 17:00:00,2812
u1,2013-04-08 18:00:00,1805
u1,2013-04-08 19:00:00,1433
u1,2013-04-08 20:00:00,1360
u1,2013-04-08 21:00:00,6332
u1,2013-04-08 22:00:00,151
u1,2013-04-08 23:00:00,1008
u1,2013-04-09 00:00:00,1171
u1,2013-04-09 01:00:00,2702
u1,2013-04-09 02:00:00,3096
u1,2013-04-09 03:00:00,2622
u1,2013-04-09 04:00:00,2268
u1,2013-04-09 05:00:00,0
u1,2013-04-09 06:00:00,0
u1,2013-04-09 07:00:00,0
u1,2013-04-09 08:00:00,0
u1,2013-04-09 09:00:00,0
u1,2013-04-09 10:00:00,0
u1,2013-04-09 11:00:00,0
u1,2013-04-09 12:00:00,0
u1,2013-04-09 13:00:00,0
u1,2013-04-09 14:00:00,0
u1,2013-04-09 15:00:00,0
u1,2013-04-09 16:00:00,0
u1,2013-04-09 17:00:00,352
u1,2013-04-09 18:00:00,1785
u1,2013-04-09 19:00:00,1876
u1,2013-04-09 20:00:00,6879
u1,2013-04-09 21:00:00,0
u1,2013-04-09 22:00:00,2310
u1,2013-04-09 23:00:00,3479
u1,2013-04-10 00:00:00,574
u1,2013-04-10 01:00:00,2290
u1,2013-04-10 02:00:00,2632
u1,2013-04-10 03:00:00,2874
u1,2013-04-10 04:00:00,3227
u1,2013-04-10 05:00:00,2027
u1,2013-04-10 06:00:00,0
u1,2013-04-10 07:00:00,0
u1,2013-04-10 08:00:00,0
u1,2013-04-10 09:00:00,0
u1,2013-04-10 10:00:00,0
u1,2013-04-10 11:00:00,0
u1,2013-04-10 12:00:00,2570
u1,2013-04-10 13:00:00,706
u1,2013-04-10 14:00:00,3409
u1,2013-04-10 15:00:00,2722
u1,2013-04-10 16:00:00,1432
u1,2013-04-10 17:00:00,0
u1,2013-04-10 18:00:00,1190
u1,2013-04-10 19:00:00,4095
u1,2013-04-10 20:00:00,4529
u1,2013-04-10 21:00:00,848
u1,2013-04-10 22:00:00,3045
u1,2013-04-10 23:00:00,2409
u1,2013-04-11 00:00:00,3549
u1,2013-04-11 01:00:00,949
u1,2013-04-11 02:00:00,5710
u1,2013-04-11 03:00:00,2311
u1,2013-04-11 04:00:00,575
u1,2013-04-11 05:00:00,180
u1,2013-04-11 06:00:00,0
u1,2013-04-11 07:00:00,0
u1,2013-04-11 08:00:00,0
u1,2013-04-11 09:00:00,0
u1,2013-04-11 10:00:00,0
u1,2013-04-11 11:00:00,0
u1,2013-04-11 12:00:00,0
u1,2013-04-11 13:00:00,352
u1,2013-04-11 14:00:00,2915
u1,2013-04-11 15:00:00,0
u1,2013-04-11 16:00:00,0
u1,2013-04-11 17:00:00,141
u1,2013-04-11 18:00:00,3178
u1,2013-04-11 19:00:00,1532
u1,2013-04-11 20:00:00,1927
u1,2013-04-11 21:00:00,776
u1,2013-04-11 22:00:00,7240
u1,2013-04-11 23:00:00,0
u1,2013-04-12 00:00:00,2521
u1,2013-04-12 01:00:00,2159
u1,2013-04-12 02:00:00,1896
u1,2013-04-12 03:00:00,352
u1,2013-04-12 04:00:00,2259
u1,2013-04-12 05:00:00,2763
u1,2013-04-12 06:00:00,3096
u1,2013-04-12 07:00:00,0
u1,2013-04-12 08:00:00,0
u1,2013-04-12 09:00:00,0
u1,2013-04-12 10:00:00,0
u1,2013-04-12 11:00:00,0
u1,2013-04-12 12:00:00,3741
u1,2013-04-12 13:00:00,0
u1,2013-04-12 14:00:00,3631
u1,2013-04-12 15:00:00,4720
u1,2013-04-12 16:00:00,1371
u1,2013-04-12 17:00:00,1279
u1,2013-04-12 18:00:00,2481
u1,2013-04-12 19:00:00,716
u1,2013-04-12 20:00:00,6010
u1,2013-04-12 21:00:00,0
u1,2013-04-12 22:00:00,7091
u1,2013-04-12 23:00:00,0
u1,2013-04-13 00:00:00,1835
u1,2013-04-13 01:00:00,2425
u1,2013-04-13 02:00:00,2355
u1,2013-04-13 03:00:00,3589
u1,2013-04-13 04:00:00,1834
u1,2013-04-13 05:00:00,70
u1,2013-04-13 06:00:00,0
u1,2013-04-13 07:00:00,0
u1,2013-04-13 08:00:00,0
u1,2013-04-13 09:00:00,0
u1,2013-04-13 10:00:00,0
u1,2013-04-13 11:00:00,0
u1,2013-04-13 12:00:00,0
u1,2013-04-13 13:00:00,0
u1,2013-04-13 14:00:00,0
u1,2013-04-13 15:00:00,0
u1,2013-04-13 16:00:00,2006
u1,2013-04-13 17:00:00,3106
u1,2013-04-13 18:00:00,5323
u1,2013-04-13 19:00:00,544
u1,2013-04-13 20:00:00,2996
u1,2013-04-13 21:00:00,2672
u1,2013-04-13 22:00:00,2277
u1,2013-04-13 23:00:00,2894
u1,2013-04-14 00:00:00,3156
u1,2013-04-14 01:00:00,514
u1,2013-04-14 02:00:00,0
u1,2013-04-14 03:00:00,1281
u1,2013-04-14 04:00:00,746
u1,2013-04-14 05:00:00,2940
u1,2013-04-14 06:00:00,3076
u1,2013-04-14 07:00:00,970
u1,2013-04-14 08:00:00,0
u1,2013-04-14 09:00:00,0
u1,2013-04-14 10:00:00,0
u1,2013-04-14 11:00:00,0
u1,2013-04-14 12:00:00,0
u1,2013-04-14 13:00:00,0
u1,2013-04-14 14:00:00,0
u1,2013-04-14 15:00:00,0
u1,2013-04-14 16:00:00,0
u1,2013-04-14 17:00:00,2835
u1,2013-04-14 18:00:00,1835
u1,2013-04-14 19:00:00,4058
u1,2013-04-14 20:00:00,886
u1,2013-04-14 21:00:00,574
u1,2013-04-14 22:00:00,50
u1,2013-04-14 23:00:00,373
u1,2013-04-15 00:00:00,678
u1,2013-04-15 01:00:00,696
u1,2013-04-15 02:00:00,3076
u1,2013-04-15 03:00:00,2056
u1,2013-04-15 04:00:00,2581
u1,2013-04-15 05:00:00,0
u1,2013-04-15 06:00:00,464
u1,2013-04-15 07:00:00,63
u1,2013-04-15 08:00:00,0
u1,2013-04-15 09:00:00,0
u1,2013-04-15 10:00:00,0
u1,2013-04-15 11:00:00,0
u1,2013-04-15 12:00:00,0
u1,2013-04-15 13:00:00,0
u1,2013-04-15 14:00:00,0
u1,2013-04-15 15:00:00,5679
u1,2013-04-15 16:00:00,121
u1,2013-04-15 17:00:00,3208
u1,2013-04-15 18:00:00,2623
u1,2013-04-15 19:00:00,2208
u1,2013-04-15 20:00:00,1139
u1,2013-04-15 21:00:00,3056
u1,2013-04-15 22:00:00,1200
u1,2013-04-15 23:00:00,2330
u1,2013-04-16 00:00:00,1069
u1,2013-04-16 01:00:00,1410
u1,2013-04-16 02:00:00,2793
u1,2013-04-16 03:00:00,1544
u1,2013-04-16 04:00:00,3550
u1,2013-04-16 05:00:00,1868
u1,2013-04-16 06:00:00,0
u1,2013-04-16 07:00:00,0
u1,2013-04-16 08:00:00,0
u1,2013-04-16 09:00:00,0
u1,2013-04-16 10:00:00,0
u1,2013-04-16 11:00:00,0
u1,2013-04-16 12:00:00,0
u1,2013-04-16 13:00:00,0
u1,2013-04-16 14:00:00,71
u1,2013-04-16 15:00:00,0
u1,2013-04-16 16:00:00,121
u1,2013-04-16 17:00:00,827
u1,2013-04-16 18:00:00,1674
u1,2013-04-16 19:00:00,2198
u1,2013-04-16 20:00:00,241
u1,2013-04-16 21:00:00,2924
u1,2013-04-16 22:00:00,1099
u1,2013-04-16 23:00:00,3621
u1,2013-04-17 00:00:00,3339
u1,2013-04-17 01:00:00,1623
u1,2013-04-17 02:00:00,2813
u1,2013-04-17 03:00:00,1907
u1,2013-04-17 04:00:00,2863
u1,2013-04-17 05:00:00,2813
u1,2013-04-17 06:00:00,2148
u1,2013-04-17 07:00:00,0
u1,2013-04-17 08:00:00,0
u1,2013-04-17 09:00:00,0
u1,2013-04-17 10:00:00,0
u1,2013-04-17 11:00:00,0
u1,2013-04-17 12:00:00,0
u1,2013-04-17 13:00:00,0
u1,2013-04-17 14:00:00,2965
u1,2013-04-17 15:00:00,3308
u1,2013-04-17 16:00:00,2673
u1,2013-04-17 17:00:00,1997
u1,2013-04-17 18:00:00,3046
u1,2013-04-17 19:00:00,111
u1,2013-04-17 20:00:00,1322
u1,2013-04-17 21:00:00,3288
u1,2013-04-17 22:00:00,1321
u1,2013-04-17 23:00:00,2347
u1,2013-04-18 00:00:00,4549
u1,2013-04-18 01:00:00,5013
u1,2013-04-18 02:00:00,0
u1,2013-04-18 03:00:00,3773
u1,2013-04-18 04:00:00,3510
u1,2013-04-18 05:00:00,81
u1,2013-04-18 06:00:00,0
u1,2013-04-18 07:00:00,0
u1,2013-04-18 08:00:00,0
u1,2013-04-18 09:00:00,0
u1,2013-04-18 10:00:00,0
u1,2013-04-18 11:00:00,0
u1,2013-04-18 12:00:00,0
u1,2013-04-18 13:00:00,0
u1,2013-04-18 14:00:00,0
u1,2013-04-18 15:00:00,182
u1,2013-04-18 16:00:00,2469
u1,2013-04-18 17:00:00,636
u1,2013-04-18 18:00:00,908
u1,2013-04-18 19:00:00,2421
u1,2013-04-18 20:00:00,997
u1,2013-04-18 21:00:00,2036
u1,2013-04-18 22:00:00,7303
u1,2013-04-18 23:00:00,0
u1,2013-04-19 00:00:00,4378
u1,2013-04-19 01:00:00,4923
u1,2013-04-19 02:00:00,0
u1,2013-04-19 03:00:00,1988
u1,2013-04-19 04:00:00,1243
u1,2013-04-19 05:00:00,252
u1,2013-04-19 06:00:00,0
u1,2013-04-19 07:00:00,0
u1,2013-04-19 08:00:00,0
u1,2013-04-19 09:00:00,0
u1,2013-04-19 10:00:00,0
u1,2013-04-19 11:00:00,0
u1,2013-04-19 12:00:00,0
u1,2013-04-19 13:00:00,0
u1,2013-04-19 14:00:00,3521
u1,2013-04-19 15:00:00,4610
u1,2013-04-19 16:00:00,1140
u1,2013-04-19 17:00:00,4347
u1,2013-04-19 18:00:00,1685
u1,2013-04-19 19:00:00,2633
u1,2013-04-19 20:00:00,937
u1,2013-04-19 21:00:00,8946
u1,2013-04-19 22:00:00,0
u1,2013-04-19 23:00:00,2593
u1,2013-04-20 00:00:00,535
u1,2013-04-20 01:00:00,1049
u1,2013-04-20 02:00:00,424
u1,2013-04-20 03:00:00,2813
u1,2013-04-20 04:00:00,263
u1,2013-04-20 05:00:00,555
u1,2013-04-20 06:00:00,91
u1,2013-04-20 07:00:00,0
u1,2013-04-20 08:00:00,0
u1,2013-04-20 09:00:00,0
u1,2013-04-20 10:00:00,0
u1,2013-04-20 11:00:00,0
u1,2013-04-20 12:00:00,131
u1,2013-04-20 13:00:00,0
u1,2013-04-20 14:00:00,2803
u1,2013-04-20 15:00:00,1686
u1,2013-04-20 16:00:00,1381
u1,2013-04-20 17:00:00,1714
u1,2013-04-20 18:00:00,0
u1,2013-04-20 19:00:00,0
u1,2013-04-20 20:00:00,0
u1,2013-04-20 21:00:00,888
u1,2013-04-20 22:00:00,2471
u1,2013-04-20 23:00:00,0
u1,2013-04-21 00:00:00,0
u1,2013-04-21 01:00:00,0
u1,2013-04-21 02:00:00,2682
u1,2013-04-21 03:00:00,4333
u1,2013-04-21 04:00:00,1210
u1,2013-04-21 05:00:00,1502
u1,2013-04-21 06:00:00,0
u1,2013-04-21 07:00:00,0
u1,2013-04-21 08:00:00,0
u1,2013-04-21 09:00:00,0
u1,2013-04-21 10:00:00,0
u1,2013-04-21 11:00:00,0
u1,2013-04-21 12:00:00,0
u1,2013-04-21 13:00:00,1271
u1,2013-04-21 14:00:00,1703
u1,2013-04-21 15:00:00,1037
u1,2013-04-21 16:00:00,1019
u1,2013-04-21 17:00:00,2623
u1,2013-04-21 18:00:00,2499
u1,2013-04-21 19:00:00,1806
u1,2013-04-21 20:00:00,837
u1,2013-04-21 21:00:00,394
u1,2013-04-21 22:00:00,2792
u1,2013-04-21 23:00:00,2328
u1,2013-04-22 00:00:00,1523
u1,2013-04-22 01:00:00,0
u1,2013-04-22 02:00:00,645
u1,2013-04-22 03:00:00,2129
u1,2013-04-22 04:00:00,3762
u1,2013-04-22 05:00:00,554
u1,2013-04-22 06:00:00,0
u1,2013-04-22 07:00:00,0
u1,2013-04-22 08:00:00,0
u1,2013-04-22 09:00:00,0
u1,2013-04-22 10:00:00,0
u1,2013-04-22 11:00:00,0
u1,2013-04-22 12:00:00,0
u1,2013-04-22 13:00:00,443
u1,2013-04-22 14:00:00,3480
u1,2013-04-22 15:00:00,6121
u1,2013-04-22 16:00:00,0
u1,2013-04-22 17:00:00,999
u1,2013-04-22 18:00:00,2338
u1,2013-04-22 19:00:00,1221
u1,2013-04-22 20:00:00,1565
u1,2013-04-22 21:00:00,1777
u1,2013-04-22 22:00:00,2217
u1,2013-04-22 23:00:00,2896
u1,2013-04-23 00:00:00,4622
u1,2013-04-23 01:00:00,1826
u1,2013-04-23 02:00:00,1684
u1,2013-04-23 03:00:00,2985
u1,2013-04-23 04:00:00,4418
u1,2013-04-23 05:00:00,313
u1,2013-04-23 06:00:00,101
u1,2013-04-23 07:00:00,0
u1,2013-04-23 08:00:00,0
u1,2013-04-23 09:00:00,0
u1,2013-04-23 10:00:00,0
u1,2013-04-23 11:00:00,0
u1,2013-04-23 12:00:00,0
u1,2013-04-23 13:00:00,0
u1,2013-04-23 14:00:00,0
u1,2013-04-23 15:00:00,0
u1,2013-04-23 16:00:00,2712
u1,2013-04-23 17:00:00,2239
u1,2013-04-23 18:00:00,0
u1,2013-04-23 19:00:00,0
u1,2013-04-23 20:00:00,0
u1,2013-04-23 21:00:00,0
u1,2013-04-23 22:00:00,0
u1,2013-04-23 23:00:00,0
u1,2013-04-24 00:00:00,3308
u1,2013-04-24 01:00:00,1372
u1,2013-04-24 02:00:00,0
u1,2013-04-24 03:00:00,0
u1,2013-04-24 04:00:00,0
u1,2013-04-24 05:00:00,0
u1,2013-04-24 06:00:00,60
u1,2013-04-24 07:00:00,0
u1,2013-04-24 08:00:00,0
u1,2013-04-24 09:00:00,0
u1,2013-04-24 10:00:00,0
u1,2013-04-24 11:00:00,0
u1,2013-04-24 12:00:00,0
u1,2013-04-24 13:00:00,0
u1,2013-04-24 14:00:00,0
u1,2013-04-24 15:00:00,0
u1,2013-04-24 16:00:00,1935
u1,2013-04-24 17:00:00,3218
u1,2013-04-24 18:00:00,1815
u1,2013-04-24 19:00:00,3498
u1,2013-04-24 20:00:00,1825
u1,2013-04-24 21:00:00,615
u1,2013-04-24 22:00:00,535
u1,2013-04-24 23:00:00,1878
u1,2013-04-25 00:00:00,2167
u1,2013-04-25 01:00:00,2038
u1,2013-04-25 02:00:00,6687
u1,2013-04-25 03:00:00,0
u1,2013-04-25 04:00:00,3187
u1,2013-04-25 05:00:00,4505
u1,2013-04-25 06:00:00,1384
u1,2013-04-25 07:00:00,1018
u1,2013-04-25 08:00:00,222
u1,2013-04-25 09:00:00,616
u1,2013-04-25 10:00:00,1037
u1,2013-04-25 11:00:00,635
u1,2013-04-25 12:00:00,726
u1,2013-04-25 13:00:00,826
u1,2013-04-25 14:00:00,908
u1,2013-04-25 15:00:00,0
u1,2013-04-25 16:00:00,2370
u1,2013-04-25 17:00:00,2441
u1,2013-04-25 18:00:00,1140
u1,2013-04-25 19:00:00,2371
u1,2013-04-25 20:00:00,704
u1,2013-04-25 21:00:00,1835
u1,2013-04-25 22:00:00,1765
u1,2013-04-25 23:00:00,3873
u1,2013-04-26 00:00:00,3419
u1,2013-04-26 01:00:00,7400
u1,2013-04-26 02:00:00,0
u1,2013-04-26 03:00:00,837
u1,2013-04-26 04:00:00,402
u1,2013-04-26 05:00:00,1876
u1,2013-04-26 06:00:00,161
u1,2013-04-26 07:00:00,0
u1,2013-04-26 08:00:00,0
u1,2013-04-26 09:00:00,0
u1,2013-04-26 10:00:00,262
u1,2013-04-26 11:00:00,171
u1,2013-04-26 12:00:00,433
u1,2013-04-26 13:00:00,293
u1,2013-04-26 14:00:00,2657
u1,2013-04-26 15:00:00,2147
u1,2013-04-26 16:00:00,2662
u1,2013-04-26 17:00:00,2683
u1,2013-04-26 18:00:00,1634
u1,2013-04-26 19:00:00,1835
u1,2013-04-26 20:00:00,2479
u1,2013-04-26 21:00:00,1724
u1,2013-04-26 22:00:00,857
u1,2013-04-26 23:00:00,3309
u1,2013-04-27 00:00:00,1381
u1,2013-04-27 01:00:00,3874
u1,2013-04-27 02:00:00,1832
u1,2013-04-27 03:00:00,1462
u1,2013-04-27 04:00:00,2279
u1,2013-04-27 05:00:00,1040
u1,2013-04-27 06:00:00,60
u1,2013-04-27 07:00:00,91
u1,2013-04-27 08:00:00,70
u1,2013-04-27 09:00:00,0
u1,2013-04-27 10:00:00,151
u1,2013-04-27 11:00:00,897
u1,2013-04-27 12:00:00,1020
u1,2013-04-27 13:00:00,534
u1,2013-04-27 14:00:00,1161
u1,2013-04-27 15:00:00,3972
u1,2013-04-27 16:00:00,3953
u1,2013-04-27 17:00:00,1300
u1,2013-04-27 18:00:00,1260
u1,2013-04-27 19:00:00,2551
u1,2013-04-27 20:00:00,1039
u1,2013-04-27 21:00:00,2412
u1,2013-04-27 22:00:00,3490
u1,2013-04-27 23:00:00,313
u1,2013-04-28 00:00:00,282
u1,2013-04-28 01:00:00,2943
u1,2013-04-28 02:00:00,2268
u1,2013-04-28 03:00:00,2994
u1,2013-04-28 04:00:00,2632
u1,2013-04-28 05:00:00,373
u1,2013-04-28 06:00:00,0
u1,2013-04-28 07:00:00,0
u1,2013-04-28 08:00:00,0
u1,2013-04-28 09:00:00,0
u1,2013-04-28 10:00:00,0
u1,2013-04-28 11:00:00,0
u1,2013-04-28 12:00:00,0
u1,2013-04-28 13:00:00,0
u1,2013-04-28 14:00:00,0
u1,2013-04-28 15:00:00,0
u1,2013-04-28 16:00:00,0
u1,2013-04-28 17:00:00,1756
u1,2013-04-28 18:00:00,2589
u1,2013-04-28 19:00:00,4180
u1,2013-04-28 20:00:00,3983
u1,2013-04-28 21:00:00,1331
u1,2013-04-28 22:00:00,3015
u1,2013-04-28 23:00:00,3460
u1,2013-04-29 00:00:00,2683
u1,2013-04-29 01:00:00,135
u1,2013-04-29 02:00:00,0
u1,2013-04-29 03:00:00,0
u1,2013-04-29 04:00:00,0
u1,2013-04-29 05:00:00,0
u1,2013-04-29 06:00:00,0
u1,2013-04-29 07:00:00,0
u1,2013-04-29 08:00:00,0
u1,2013-04-29 09:00:00,0
u1,2013-04-29 10:00:00,0
u1,2013-04-29 11:00:00,0
u1,2013-04-29 12:00:00,0
u1,2013-04-29 13:00:00,0
u1,2013-04-29 14:00:00,0
u1,2013-04-29 15:00:00,0
u1,2013-04-29 16:00:00,0
u1,2013-04-29 17:00:00,0
u1,2013-04-29 18:00:00,0
u1,2013-04-29 19:00:00,0
u1,2013-04-29 20:00:00,0
u1,2013-04-29 21:00:00,0
u1,2013-04-29 22:00:00,0
u1,2013-04-29 23:00:00,0
u1,2013-04-30 00:00:00,0
u1,2013-04-30 01:00:00,0
u1,2013-04-30 02:00:00,0
u1,2013-04-30 03:00:00,0
u1,2013-04-30 04:00:00,0
u1,2013-04-30 05:00:00,0
u1,2013-04-30 06:00:00,0
u1,2013-04-30 07:00:00,0
u1,2013-04-30 08:00:00,0
u1,2013-04-30 09:00:00,0
u1,2013-04-30 10:00:00,0
u1,2013-04-30 11:00:00,0
u1,2013-04-30 12:00:00,0
u1,2013-04-30 13:00:00,0
u1,2013-04-30 14:00:00,0
u1,2013-04-30 15:00:00,0
u1,2013-04-30 16:00:00,0
u1,2013-04-30 17:00:00,0
u1,2013-04-30 18:00:00,0
u1,2013-04-30 19:00:00,0
u1,2013-04-30 20:00:00,0
u1,2013-04-30 21:00:00,0
u1,2013-04-30 22:00:00,0
u1,2013-04-30 23:00:00,0
u1,2013-05-01 00:00:00,0
u1,2013-05-01 01:00:00,0
u1,2013-05-01 02:00:00,0
u1,2013-05-01 03:00:00,0
u1,2013-05-01 04:00:00,0
u1,2013-05-01 05:00:00,0
u1,2013-05-01 06:00:00,0
u1,2013-05-01 07:00:00,0
u1,2013-05-01 08:00:00,0
u1,2013-05-01 09:00:00,0
u1,2013-05-01 10:00:00,0
u1,2013-05-01 11:00:00,0
u1,2013-05-01 12:00:00,0
u1,2013-05-01 13:00:00,0
u1,2013-05-01 14:00:00,0
u1,2013-05-01 15:00:00,0
u1,2013-05-01 16:00:00,0
u1,2013-05-01 17:00:00,0
u1,2013-05-01 18:00:00,0
u1,2013-05-01 19:00:00,0
u1,2013-05-01 20:00:00,0
u1,2013-05-01 21:00:00,0
u1,2013-05-01 22:00:00,0
u1,2013-05-01 23:00:00,0
u1,2013-05-02 00:00:00,0
u1,2013-05-02 01:00:00,0
u1,2013-05-02 02:00:00,0
u1,2013-05-02 03:00:00,0
u1,2013-05-02 04:00:00,0
u1,2013-05-02 05:00:00,0
u1,2013-05-02 06:00:00,0
u1,2013-05-02 07:00:00,0
u1,2013-05-02 08:00:00,0
u1,2013-05-02 09:00:00,0
u1,2013-05-02 10:00:00,0
u1,2013-05-02 11:00:00,0
u1,2013-05-02 12:00:00,0
u1,2013-05-02 13:00:00,0
u1,2013-05-02 14:00:00,0
u1,2013-05-02 15:00:00,0
u1,2013-05-02 16:00:00,0
u1,2013-05-02 17:00:00,0
u1,2013-05-02 18:00:00,0
u1,2013-05-02 19:00:00,0
u1,2013-05-02 20:00:00,0
u1,2013-05-02 21:00:00,2099
u1,2013-05-02 22:00:00,0
u1,2013-05-02 23:00:00,0
u1,2013-05-03 00:00:00,0
u1,2013-05-03 01:00:00,6716
u1,2013-05-03 02:00:00,0
u1,2013-05-03 03:00:00,3641
u1,2013-05-03 04:00:00,1532
u1,2013-05-03 05:00:00,1481
u1,2013-05-03 06:00:00,1443
u1,2013-05-03 07:00:00,353
u1,2013-05-03 08:00:00,0
u1,2013-05-03 09:00:00,70
u1,2013-05-03 10:00:00,0
u1,2013-05-03 11:00:00,0
u1,2013-05-03 12:00:00,604
u1,2013-05-03 13:00:00,0
u1,2013-05-03 14:00:00,585
u1,2013-05-03 15:00:00,4105
u1,2013-05-03 16:00:00,383
u1,2013-05-03 17:00:00,1714
u1,2013-05-03 18:00:00,1453
u1,2013-05-03 19:00:00,2309
u1,2013-05-03 20:00:00,1009
u1,2013-05-03 21:00:00,4246
u1,2013-05-03 22:00:00,1543
u1,2013-05-03 23:00:00,3893
u1,2013-05-04 00:00:00,4134
u1,2013-05-04 01:00:00,1725
u1,2013-05-04 02:00:00,6648
u1,2013-05-04 03:00:00,0
u1,2013-05-04 04:00:00,3615
u1,2013-05-04 05:00:00,0
u1,2013-05-04 06:00:00,0
u1,2013-05-04 07:00:00,0
u1,2013-05-04 08:00:00,495
u1,2013-05-04 09:00:00,937
u1,2013-05-04 10:00:00,181
u1,2013-05-04 11:00:00,1279
u1,2013-05-04 12:00:00,291
u1,2013-05-04 13:00:00,907
u1,2013-05-04 14:00:00,0
u1,2013-05-04 15:00:00,0
u1,2013-05-04 16:00:00,0
u1,2013-05-04 17:00:00,0
u1,2013-05-04 18:00:00,0
u1,2013-05-04 19:00:00,0
u1,2013-05-04 20:00:00,0
u1,2013-05-04 21:00:00,0
u1,2013-05-04 22:00:00,0
u1,2013-05-04 23:00:00,0
u1,2013-05-05 00:00:00,0
u1,2013-05-05 01:00:00,0
u1,2013-05-05 02:00:00,0
u1,2013-05-05 03:00:00,0
u1,2013-05-05 04:00:00,0
u1,2013-05-05 05:00:00,0
u1,2013-05-05 06:00:00,0
u1,2013-05-05 07:00:00,0
u1,2013-05-05 08:00:00,0
u1,2013-05-05 09:00:00,0
u1,2013-05-05 10:00:00,0
u1,2013-05-05 11:00:00,0
u1,2013-05-05 12:00:00,0
u1,2013-05-05 13:00:00,0
u1,2013-05-05 14:00:00,0
u1,2013-05-05 15:00:00,0
u1,2013-05-05 16:00:00,0
u1,2013-05-05 17:00:00,0
u1,2013-05-05 18:00:00,0
u1,2013-05-05 19:00:00,0
u1,2013-05-05 20:00:00,0
u1,2013-05-05 21:00:00,0
u1,2013-05-05 22:00:00,0
u1,2013-05-05 23:00:00,0
u1,2013-05-06 00:00:00,0
u1,2013-05-06 01:00:00,0
u1,2013-05-06 02:00:00,0
u1,2013-05-06 03:00:00,0
u1,2013-05-06 04:00:00,0
u1,2013-05-06 05:00:00,0
u1,2013-05-06 06:00:00,0
u1,2013-05-06 07:00:00,0
u1,2013-05-06 08:00:00,0
u1,2013-05-06 09:00:00,0
u1,2013-05-06 10:00:00,0
u1,2013-05-06 11:00:00,0
u1,2013-05-06 12:00:00,0
u1,2013-05-06 13:00:00,0
u1,2013-05-06 14:00:00,0
u1,2013-05-06 15:00:00,0
u1,2013-05-06 16:00:00,0
u1,2013-05-06 17:00:00,0
u1,2013-05-06 18:00:00,0
u1,2013-05-06 19:00:00,0
u1,2013-05-06 20:00:00,0
u1,2013-05-06 21:00:00,0
u1,2013-05-06 22:00:00,0
u1,2013-05-06 23:00:00,0
u1,2013-05-07 00:00:00,0
u1,2013-05-07 01:00:00,0
u1,2013-05-07 02:00:00,0
u1,2013-05-07 03:00:00,0
u1,2013-05-07 04:00:00,0
u1,2013-05-07 05:00:00,0
u1,2013-05-07 06:00:00,0
u1,2013-05-07 07:00:00,0
u1,2013-05-07 08:00:00,0
u1,2013-05-07 09:00:00,0
u1,2013-05-07 10:00:00,0
u1,2013-05-07 11:00:00,0
u1,2013-05-07 12:00:00,0
u1,2013-05-07 13:00:00,0
u1,2013-05-07 14:00:00,0
u1,2013-05-07 15:00:00,0
u1,2013-05-07 16:00:00,0
u1,2013-05-07 17:00:00,0
u1,2013-05-07 18:00:00,0
u1,2013-05-07 19:00:00,0
u1,2013-05-07 20:00:00,0
u1,2013-05-07 21:00:00,2391
u1,2013-05-07 22:00:00,1809
u1,2013-05-07 23:00:00,1523
u1,2013-05-08 00:00:00,1836
u1,2013-05-08 01:00:00,4479
u1,2013-05-08 02:00:00,1332
u1,2013-05-08 03:00:00,837
u1,2013-05-08 04:00:00,272
u1,2013-05-08 05:00:00,0
u1,2013-05-08 06:00:00,91
u1,2013-05-08 07:00:00,142
u1,2013-05-08 08:00:00,110
u1,2013-05-08 09:00:00,100
u1,2013-05-08 10:00:00,112
u1,2013-05-08 11:00:00,0
u1,2013-05-08 12:00:00,0
u1,2013-05-08 13:00:00,0
u1,2013-05-08 14:00:00,0
u1,2013-05-08 15:00:00,2714
u1,2013-05-08 16:00:00,2960
u1,2013-05-08 17:00:00,2288
u1,2013-05-08 18:00:00,2170
u1,2013-05-08 19:00:00,3168
u1,2013-05-08 20:00:00,2945
u1,2013-05-08 21:00:00,2077
u1,2013-05-08 22:00:00,2877
u1,2013-05-08 23:00:00,7589
u1,2013-05-09 00:00:00,0
u1,2013-05-09 01:00:00,0
u1,2013-05-09 02:00:00,4771
u1,2013-05-09 03:00:00,2419
u1,2013-05-09 04:00:00,4008
u1,2013-05-09 05:00:00,3147
u1,2013-05-09 06:00:00,2007
u1,2013-05-09 07:00:00,2623
u1,2013-05-09 08:00:00,2661
u1,2013-05-09 09:00:00,3226
u1,2013-05-09 10:00:00,2859
u1,2013-05-09 11:00:00,2392
u1,2013-05-09 12:00:00,2984
u1,2013-05-09 13:00:00,1895
u1,2013-05-09 14:00:00,282
u1,2013-05-09 15:00:00,0
u1,2013-05-09 16:00:00,221
u1,2013-05-09 17:00:00,2337
u1,2013-05-09 18:00:00,1644
u1,2013-05-09 19:00:00,2380
u1,2013-05-09 20:00:00,1321
u1,2013-05-09 21:00:00,888
u1,2013-05-09 22:00:00,787
u1,2013-05-09 23:00:00,2320
u1,2013-05-10 00:00:00,2833
u1,2013-05-10 01:00:00,888
u1,2013-05-10 02:00:00,373
u1,2013-05-10 03:00:00,0
u1,2013-05-10 04:00:00,0
u1,2013-05-10 05:00:00,0
u1,2013-05-10 06:00:00,211
u1,2013-05-10 07:00:00,71
u1,2013-05-10 08:00:00,0
u1,2013-05-10 09:00:00,181
u1,2013-05-10 10:00:00,0
u1,2013-05-10 11:00:00,0
u1,2013-05-10 12:00:00,335
u1,2013-05-10 13:00:00,0
u1,2013-05-10 14:00:00,594
u1,2013-05-10 15:00:00,4780
u1,2013-05-10 16:00:00,514
u1,2013-05-10 17:00:00,2632
u1,2013-05-10 18:00:00,1391
u1,2013-05-10 19:00:00,6583
u1,2013-05-10 20:00:00,0
u1,2013-05-10 21:00:00,1933
u1,2013-05-10 22:00:00,2250
u1,2013-05-10 23:00:00,2148
u1,2013-05-11 00:00:00,1987
u1,2013-05-11 01:00:00,2370
u1,2013-05-11 02:00:00,2859
u1,2013-05-11 03:00:00,3902
u1,2013-05-11 04:00:00,2420
u1,2013-05-11 05:00:00,3731
u1,2013-05-11 06:00:00,3009
u1,2013-05-11 07:00:00,3049
u1,2013-05-11 08:00:00,2070
u1,2013-05-11 09:00:00,321
u1,2013-05-11 10:00:00,0
u1,2013-05-11 11:00:00,0
u1,2013-05-11 12:00:00,0
u1,2013-05-11 13:00:00,2485
u1,2013-05-11 14:00:00,1605
u1,2013-05-11 15:00:00,1779
u1,2013-05-11 16:00:00,766
u1,2013-05-11 17:00:00,899
u1,2013-05-11 18:00:00,1986
u1,2013-05-11 19:00:00,3340
u1,2013-05-11 20:00:00,2671
u1,2013-05-11 21:00:00,3583
u1,2013-05-11 22:00:00,889
u1,2013-05-11 23:00:00,1544
u1,2013-05-12 00:00:00,1263
u1,2013-05-12 01:00:00,0
u1,2013-05-12 02:00:00,0
u1,2013-05-12 03:00:00,0
u1,2013-05-12 04:00:00,0
u1,2013-05-12 05:00:00,0
u1,2013-05-12 06:00:00,0
u1,2013-05-12 07:00:00,0
u1,2013-05-12 08:00:00,0
u1,2013-05-12 09:00:00,0
u1,2013-05-12 10:00:00,0
u1,2013-05-12 11:00:00,0
u1,2013-05-12 12:00:00,0
u1,2013-05-12 13:00:00,0
u1,2013-05-12 14:00:00,3288
u1,2013-05-12 15:00:00,2691
u1,2013-05-12 16:00:00,5144
u1,2013-05-12 17:00:00,1543
u1,2013-05-12 18:00:00,2243
u1,2013-05-12 19:00:00,2158
u1,2013-05-12 20:00:00,5325
u1,2013-05-12 21:00:00,3429
u1,2013-05-12 22:00:00,121
u1,2013-05-12 23:00:00,2391
u1,2013-05-13 00:00:00,594
u1,2013-05-13 01:00:00,5114
u1,2013-05-13 02:00:00,2018
u1,2013-05-13 03:00:00,1835
u1,2013-05-13 04:00:00,644
u1,2013-05-13 05:00:00,3409
u1,2013-05-13 06:00:00,2633
u1,2013-05-13 07:00:00,0
u1,2013-05-13 08:00:00,0
u1,2013-05-13 09:00:00,0
u1,2013-05-13 10:00:00,0
u1,2013-05-13 11:00:00,0
u1,2013-05-13 12:00:00,0
u1,2013-05-13 13:00:00,0
u1,2013-05-13 14:00:00,0
u1,2013-05-13 15:00:00,0
u1,2013-05-13 16:00:00,0
u1,2013-05-13 17:00:00,1815
u1,2013-05-13 18:00:00,2127
u1,2013-05-13 19:00:00,1643
u1,2013-05-13 20:00:00,1664
u1,2013-05-13 21:00:00,1583
u1,2013-05-13 22:00:00,1865
u1,2013-05-13 23:00:00,2199
u1,2013-05-14 00:00:00,10214
u1,2013-05-14 01:00:00,0
u1,2013-05-14 02:00:00,0
u1,2013-05-14 03:00:00,2875
u1,2013-05-14 04:00:00,2533
u1,2013-05-14 05:00:00,1292
u1,2013-05-14 06:00:00,0
u1,2013-05-14 07:00:00,0
u1,2013-05-14 08:00:00,0
u1,2013-05-14 09:00:00,0
u1,2013-05-14 10:00:00,0
u1,2013-05-14 11:00:00,0
u1,2013-05-14 12:00:00,0
u1,2013-05-14 13:00:00,0
u1,2013-05-14 14:00:00,0
u1,2013-05-14 15:00:00,0
u1,2013-05-14 16:00:00,3851
u1,2013-05-14 17:00:00,1543
u1,2013-05-14 18:00:00,1553
u1,2013-05-14 19:00:00,876
u1,2013-05-14 20:00:00,2058
u1,2013-05-14 21:00:00,4429
u1,2013-05-14 22:00:00,4541
u1,2013-05-14 23:00:00,0
u1,2013-05-15 00:00:00,3580
u1,2013-05-15 01:00:00,7384
u1,2013-05-15 02:00:00,0
u1,2013-05-15 03:00:00,2743
u1,2013-05-15 04:00:00,0
u1,2013-05-15 05:00:00,3095
u1,2013-05-15 06:00:00,70
u1,2013-05-15 07:00:00,0
u1,2013-05-15 08:00:00,0
u1,2013-05-15 09:00:00,0
u1,2013-05-15 10:00:00,0
u1,2013-05-15 11:00:00,0
u1,2013-05-15 12:00:00,0
u1,2013-05-15 13:00:00,0
u1,2013-05-15 14:00:00,1036
u1,2013-05-15 15:00:00,2532
u1,2013-05-15 16:00:00,3115
u1,2013-05-15 17:00:00,2743
u1,2013-05-15 18:00:00,0
u1,2013-05-15 19:00:00,0
u1,2013-05-15 20:00:00,0
u1,2013-05-15 21:00:00,2491
u1,2013-05-15 22:00:00,3685
u1,2013-05-15 23:00:00,2917
u1,2013-05-16 00:00:00,2177
u1,2013-05-16 01:00:00,9707
u1,2013-05-16 02:00:00,0
u1,2013-05-16 03:00:00,0
u1,2013-05-16 04:00:00,4296
u1,2013-05-16 05:00:00,3409
u1,2013-05-16 06:00:00,706
u1,2013-05-16 07:00:00,1673
u1,2013-05-16 08:00:00,1956
u1,2013-05-16 09:00:00,1483
u1,2013-05-16 10:00:00,1676
u1,2013-05-16 11:00:00,1403
u1,2013-05-16 12:00:00,1825
u1,2013-05-16 13:00:00,1250
u1,2013-05-16 14:00:00,0
u1,2013-05-16 15:00:00,0
u1,2013-05-16 16:00:00,2469
u1,2013-05-16 17:00:00,1707
u1,2013-05-16 18:00:00,2641
u1,2013-05-16 19:00:00,1492
u1,2013-05-16 20:00:00,2177
u1,2013-05-16 21:00:00,897
u1,2013-05-16 22:00:00,2825
u1,2013-05-16 23:00:00,2401
u1,2013-05-17 00:00:00,0
u1,2013-05-17 01:00:00,0
u1,2013-05-17 02:00:00,0
u1,2013-05-17 03:00:00,1816
u1,2013-05-17 04:00:00,4175
u1,2013-05-17 05:00:00,3863
u1,2013-05-17 06:00:00,181
u1,2013-05-17 07:00:00,162
u1,2013-05-17 08:00:00,676
u1,2013-05-17 09:00:00,392
u1,2013-05-17 10:00:00,0
u1,2013-05-17 11:00:00,0
u1,2013-05-17 12:00:00,0
u1,2013-05-17 13:00:00,0
u1,2013-05-17 14:00:00,0
u1,2013-05-17 15:00:00,0
u1,2013-05-17 16:00:00,0
u1,2013-05-17 17:00:00,1714
u1,2013-05-17 18:00:00,1079
u1,2013-05-17 19:00:00,1866
u1,2013-05-17 20:00:00,4027
u1,2013-05-17 21:00:00,1804
u1,2013-05-17 22:00:00,2148
u1,2013-05-17 23:00:00,4951
u1,2013-05-18 00:00:00,3116
u1,2013-05-18 01:00:00,4408
u1,2013-05-18 02:00:00,1815
u1,2013-05-18 03:00:00,2987
u1,2013-05-18 04:00:00,1271
u1,2013-05-18 05:00:00,3098
u1,2013-05-18 06:00:00,211
u1,2013-05-18 07:00:00,0
u1,2013-05-18 08:00:00,422
u1,2013-05-18 09:00:00,0
u1,2013-05-18 10:00:00,455
u1,2013-05-18 11:00:00,615
u1,2013-05-18 12:00:00,502
u1,2013-05-18 13:00:00,241
u1,2013-05-18 14:00:00,584
u1,2013-05-18 15:00:00,2300
u1,2013-05-18 16:00:00,4279
u1,2013-05-18 17:00:00,1593
u1,2013-05-18 18:00:00,3338
u1,2013-05-18 19:00:00,4044
u1,2013-05-18 20:00:00,2077
u1,2013-05-18 21:00:00,625
u1,2013-05-18 22:00:00,9134
u1,2013-05-18 23:00:00,0
u1,2013-05-19 00:00:00,776
u1,2013-05-19 01:00:00,0
u1,2013-05-19 02:00:00,0
u1,2013-05-19 03:00:00,0
u1,2013-05-19 04:00:00,0
u1,2013-05-19 05:00:00,0
u1,2013-05-19 06:00:00,0
u1,2013-05-19 07:00:00,0
u1,2013-05-19 08:00:00,0
u1,2013-05-19 09:00:00,0
u1,2013-05-19 10:00:00,0
u1,2013-05-19 11:00:00,0
u1,2013-05-19 12:00:00,0
u1,2013-05-19 13:00:00,0
u1,2013-05-19 14:00:00,0
u1,2013-05-19 15:00:00,0
u1,2013-05-19 16:00:00,0
u1,2013-05-19 17:00:00,0
u1,2013-05-19 18:00:00,0
u1,2013-05-19 19:00:00,0
u1,2013-05-19 20:00:00,0
u1,2013-05-19 21:00:00,0
u1,2013-05-19 22:00:00,0
u1,2013-05-19 23:00:00,0
u1,2013-05-20 00:00:00,0
u1,2013-05-20 01:00:00,0
u1,2013-05-20 02:00:00,0
u1,2013-05-20 03:00:00,0
u1,2013-05-20 04:00:00,0
u1,2013-05-20 05:00:00,0
u1,2013-05-20 06:00:00,0
u1,2013-05-20 07:00:00,0
u1,2013-05-20 08:00:00,0
u1,2013-05-20 09:00:00,0
u1,2013-05-20 10:00:00,0
u1,2013-05-20 11:00:00,0
u1,2013-05-20 12:00:00,0
u1,2013-05-20 13:00:00,0
u1,2013-05-20 14:00:00,0
u1,2013-05-20 15:00:00,0
u1,2013-05-20 16:00:00,0
u1,2013-05-20 17:00:00,0
u1,2013-05-20 18:00:00,0
u1,2013-05-20 19:00:00,0
u1,2013-05-20 20:00:00,0
u1,2013-05-20 21:00:00,0
u1,2013-05-20 22:00:00,0
u1,2013-05-20 23:00:00,0
u1,2013-05-21 00:00:00,0
u1,2013-05-21 01:00:00,0
u1,2013-05-21 02:00:00,0
u1,2013-05-21 03:00:00,0
u1,2013-05-21 04:00:00,0
u1,2013-05-21 05:00:00,0
u1,2013-05-21 06:00:00,0
u1,2013-05-21 07:00:00,0
u1,2013-05-21 08:00:00,0
u1,2013-05-21 09:00:00,0
u1,2013-05-21 10:00:00,0
u1,2013-05-21 11:00:00,0
u1,2013-05-21 12:00:00,0
u1,2013-05-21 13:00:00,0
u1,2013-05-21 14:00:00,0
u1,2013-05-21 15:00:00,0
u1,2013-05-21 16:00:00,0
u1,2013-05-21 17:00:00,0
u1,2013-05-21 18:00:00,0
u1,2013-05-21 19:00:00,0
u1,2013-05-21 20:00:00,0
u1,2013-05-21 21:00:00,0
u1,2013-05-21 22:00:00,0
u1,2013-05-21 23:00:00,0
u1,2013-05-22 00:00:00,0
u1,2013-05-22 01:00:00,0
u1,2013-05-22 02:00:00,0
u1,2013-05-22 03:00:00,0
u1,2013-05-22 04:00:00,0
u1,2013-05-22 05:00:00,0
u1,2013-05-22 06:00:00,0
u1,2013-05-22 07:00:00,0
u1,2013-05-22 08:00:00,0
u1,2013-05-22 09:00:00,0
u1,2013-05-22 10:00:00,0
u1,2013-05-22 11:00:00,0
u1,2013-05-22 12:00:00,0
u1,2013-05-22 13:00:00,0
u1,2013-05-22 14:00:00,0
u1,2013-05-22 15:00:00,0
u1,2013-05-22 16:00:00,0
u1,2013-05-22 17:00:00,0
u1,2013-05-22 18:00:00,0
u1,2013-05-22 19:00:00,0
u1,2013-05-22 20:00:00,0
u1,2013-05-22 21:00:00,0
u1,2013-05-22 22:00:00,0
u1,2013-05-22 23:00:00,0
u1,2013-05-23 00:00:00,0
u1,2013-05-23 01:00:00,0
u1,2013-05-23 02:00:00,0
u1,2013-05-23 03:00:00,0
u1,2013-05-23 04:00:00,0
u1,2013-05-23 05:00:00,0
u1,2013-05-23 06:00:00,0
u1,2013-05-23 07:00:00,0
u1,2013-05-23 08:00:00,0
u1,2013-05-23 09:00:00,0
u1,2013-05-23 10:00:00,0
u1,2013-05-23 11:00:00,0
u1,2013-05-23 12:00:00,0
u1,2013-05-23 13:00:00,0
u1,2013-05-23 14:00:00,0
u1,2013-05-23 15:00:00,0
u1,2013-05-23 16:00:00,0
u1,2013-05-23 17:00:00,0
u1,2013-05-23 18:00:00,0
u1,2013-05-23 19:00:00,0
u1,2013-05-23 20:00:00,0
u1,2013-05-23 21:00:00,0
u1,2013-05-23 22:00:00,0
u1,2013-05-23 23:00:00,0
u1,2013-05-24 00:00:00,0
u1,2013-05-24 01:00:00,0
u1,2013-05-24 02:00:00,0
u1,2013-05-24 03:00:00,0
u1,2013-05-24 04:00:00,0
u1,2013-05-24 05:00:00,0
u1,2013-05-24 06:00:00,0
u1,2013-05-24 07:00:00,0
u1,2013-05-24 08:00:00,0
u1,2013-05-24 09:00:00,0
u1,2013-05-24 10:00:00,0
u1,2013-05-24 11:00:00,0
u1,2013-05-24 12:00:00,0
u1,2013-05-24 13:00:00,0
u1,2013-05-24 14:00:00,0
u1,2013-05-24 15:00:00,0
u1,2013-05-24 16:00:00,0
u1,2013-05-24 17:00:00,0
u1,2013-05-24 18:00:00,0
u1,2013-05-24 19:00:00,0
u1,2013-05-24 20:00:00,0
u1,2013-05-24 21:00:00,0
u1,2013-05-24 22:00:00,0
u1,2013-05-24 23:00:00,0
u1,2013-05-25 00:00:00,0
u1,2013-05-25 01:00:00,0
u1,2013-05-25 02:00:00,0
u1,2013-05-25 03:00:00,0
u1,2013-05-25 04:00:00,71
u1,2013-05-25 05:00:00,0
u1,2013-05-25 06:00:00,0
u1,2013-05-25 07:00:00,0
u1,2013-05-25 08:00:00,0
u1,2013-05-25 09:00:00,0
u1,2013-05-25 10:00:00,0
u1,2013-05-25 11:00:00,0
u1,2013-05-25 12:00:00,0
u1,2013-05-25 13:00:00,0
u1,2013-05-25 14:00:00,61
u1,2013-05-25 15:00:00,3701
u1,2013-05-25 16:00:00,4579
u1,2013-05-25 17:00:00,555
u1,2013-05-25 18:00:00,3337
u1,2013-05-25 19:00:00,2500
u1,2013-05-25 20:00:00,3066
u1,2013-05-25 21:00:00,606
u1,2013-05-25 22:00:00,3822
u1,2013-05-25 23:00:00,2248
u1,2013-05-26 00:00:00,3268
u1,2013-05-26 01:00:00,2782
u1,2013-05-26 02:00:00,3317
u1,2013-05-26 03:00:00,5308
u1,2013-05-26 04:00:00,2171
u1,2013-05-26 05:00:00,1796
u1,2013-05-26 06:00:00,2784
u1,2013-05-26 07:00:00,2532
u1,2013-05-26 08:00:00,81
u1,2013-05-26 09:00:00,0
u1,2013-05-26 10:00:00,0
u1,2013-05-26 11:00:00,0
u1,2013-05-26 12:00:00,0
u1,2013-05-26 13:00:00,0
u1,2013-05-26 14:00:00,0
u1,2013-05-26 15:00:00,0
u1,2013-05-26 16:00:00,5780
u1,2013-05-26 17:00:00,0
u1,2013-05-26 18:00:00,3317
u1,2013-05-26 19:00:00,2843
u1,2013-05-26 20:00:00,4942
u1,2013-05-26 21:00:00,968
u1,2013-05-26 22:00:00,2784
u1,2013-05-26 23:00:00,3832
u1,2013-05-27 00:00:00,2197
u1,2013-05-27 01:00:00,2138
u1,2013-05-27 02:00:00,1506
u1,2013-05-27 03:00:00,4528
u1,2013-05-27 04:00:00,1553
u1,2013-05-27 05:00:00,1271
u1,2013-05-27 06:00:00,171
u1,2013-05-27 07:00:00,0
u1,2013-05-27 08:00:00,0
u1,2013-05-27 09:00:00,0
u1,2013-05-27 10:00:00,0
u1,2013-05-27 11:00:00,0
u1,2013-05-27 12:00:00,0
u1,2013-05-27 13:00:00,0
u1,2013-05-27 14:00:00,0
u1,2013-05-27 15:00:00,1664
u1,2013-05-27 16:00:00,2300
u1,2013-05-27 17:00:00,2179
u1,2013-05-27 18:00:00,887
u1,2013-05-27 19:00:00,2229
u1,2013-05-27 20:00:00,4475
u1,2013-05-27 21:00:00,1250
u1,2013-05-27 22:00:00,2945
u1,2013-05-27 23:00:00,3166
u1,2013-05-28 00:00:00,3561
u1,2013-05-28 01:00:00,1695
u1,2013-05-28 02:00:00,2127
u1,2013-05-28 03:00:00,1139
u1,2013-05-28 04:00:00,3378
u1,2013-05-28 05:00:00,2267
u1,2013-05-28 06:00:00,2919
u1,2013-05-28 07:00:00,0
u1,2013-05-28 08:00:00,0
u1,2013-05-28 09:00:00,0
u1,2013-05-28 10:00:00,0
u1,2013-05-28 11:00:00,0
u1,2013-05-28 12:00:00,0
u1,2013-05-28 13:00:00,0
u1,2013-05-28 14:00:00,222
u1,2013-05-28 15:00:00,0
u1,2013-05-28 16:00:00,216
u1,2013-05-28 17:00:00,847
u1,2013-05-28 18:00:00,2984
u1,2013-05-28 19:00:00,2210
u1,2013-05-28 20:00:00,1242
u1,2013-05-28 21:00:00,484
u1,2013-05-28 22:00:00,1533
u1,2013-05-28 23:00:00,787
u1,2013-05-29 00:00:00,2259
u1,2013-05-29 01:00:00,1583
u1,2013-05-29 02:00:00,817
u1,2013-05-29 03:00:00,4689
u1,2013-05-29 04:00:00,393
u1,2013-05-29 05:00:00,2360
u1,2013-05-29 06:00:00,2954
u1,2013-05-29 07:00:00,313
